{
 "AvgPool2D-input:6x6x1152-output:1x1x1152": {
  "count": 489,
  "mean": 0.237739086151,
  "std": 0.549933805683
 },
 "Conv-input:168x168x3-output:84x84x24": {
  "count": 500,
  "mean": 97.3280757666,
  "std": 23.0491715418
 },
 "Conv_1-input:6x6x192-output:6x6x1152": {
  "count": 500,
  "mean": 131.352835894,
  "std": 34.397516628
 },
 "Conv_2-input:1x1x1152-output:1x1x1536": {
  "count": 500,
  "mean": 14.485386014,
  "std": 8.82867204809
 },
 "Logits-input:1x1x1536-output:1000": {
  "count": 500,
  "mean":7.72694647312,
  "std": 12.0520086734
 },
 "expanded_conv-input:11x11x136-output:11x11x136-expand:408-kernel:3-stride:1-idskip:1-se:1-hs:1": {
  "count": 79,
  "mean": 81.8784297267093,
  "std": 24.996903514757815
 },
 "expanded_conv-input:11x11x136-output:11x11x136-expand:408-kernel:5-stride:1-idskip:1-se:1-hs:1": {
  "count": 79,
  "mean": 92.8283431861974,
  "std": 39.797044699844825
 },
 "expanded_conv-input:11x11x136-output:11x11x136-expand:408-kernel:7-stride:1-idskip:1-se:1-hs:1": {
  "count": 79,
  "mean": 102.92813445948347,
  "std": 32.59329699842489
 },
 "expanded_conv-input:11x11x136-output:11x11x136-expand:544-kernel:3-stride:1-idskip:1-se:1-hs:1": {
  "count": 79,
  "mean": 104.01430914673624,
  "std": 28.42837659498691
 },
 "expanded_conv-input:11x11x136-output:11x11x136-expand:544-kernel:5-stride:1-idskip:1-se:1-hs:1": {
  "count": 79,
  "mean": 115.89439609382725,
  "std": 51.85036029573762
 },
 "expanded_conv-input:11x11x136-output:11x11x136-expand:544-kernel:7-stride:1-idskip:1-se:1-hs:1": {
  "count": 79,
  "mean": 129.16822674908215,
  "std": 34.52610916958148
 },
 "expanded_conv-input:11x11x136-output:11x11x136-expand:816-kernel:3-stride:1-idskip:1-se:1-hs:1": {
  "count": 79,
  "mean": 149.9372977244703,
  "std": 42.512800393667604
 },
 "expanded_conv-input:11x11x136-output:11x11x136-expand:816-kernel:5-stride:1-idskip:1-se:1-hs:1": {
  "count": 79,
  "mean": 169.3148763873909,
  "std": 36.210426008890984
 },
 "expanded_conv-input:11x11x136-output:11x11x136-expand:816-kernel:7-stride:1-idskip:1-se:1-hs:1": {
  "count": 79,
  "mean": 194.48591184012497,
  "std": 64.1265286312971
 },
 "expanded_conv-input:11x11x136-output:6x6x192-expand:408-kernel:3-stride:2-idskip:0-se:1-hs:1": {
  "count": 79,
  "mean": 72.0577602145038,
  "std": 29.01534149668928
 },
 "expanded_conv-input:11x11x136-output:6x6x192-expand:408-kernel:5-stride:2-idskip:0-se:1-hs:1": {
  "count": 79,
  "mean": 74.30995265139809,
  "std": 20.542896893939965
 },
 "expanded_conv-input:11x11x136-output:6x6x192-expand:408-kernel:7-stride:2-idskip:0-se:1-hs:1": {
  "count": 79,
  "mean": 91.57527549357354,
  "std": 24.51581327183007
 },
 "expanded_conv-input:11x11x136-output:6x6x192-expand:544-kernel:3-stride:2-idskip:0-se:1-hs:1": {
  "count": 79,
  "mean": 101.43702543234524,
  "std": 18.687448704357912
 },
 "expanded_conv-input:11x11x136-output:6x6x192-expand:544-kernel:5-stride:2-idskip:0-se:1-hs:1": {
  "count": 79,
  "mean": 92.2244923024238,
  "std": 29.224308005886297
 },
 "expanded_conv-input:11x11x136-output:6x6x192-expand:544-kernel:7-stride:2-idskip:0-se:1-hs:1": {
  "count": 79,
  "mean": 112.95573922652233,
  "std": 49.32411817020439
 },
 "expanded_conv-input:11x11x136-output:6x6x192-expand:816-kernel:3-stride:2-idskip:0-se:1-hs:1": {
  "count": 79,
  "mean": 135.42674764802183,
  "std": 49.29872488190845
 },
 "expanded_conv-input:11x11x136-output:6x6x192-expand:816-kernel:5-stride:2-idskip:0-se:1-hs:1": {
  "count": 79,
  "mean": 149.37525761278368,
  "std": 55.41664706660644
 },
 "expanded_conv-input:11x11x136-output:6x6x192-expand:816-kernel:7-stride:2-idskip:0-se:1-hs:1": {
  "count": 79,
  "mean": 156.17461747761016,
  "std": 36.41058717373851
 },
 "expanded_conv-input:11x11x96-output:11x11x136-expand:288-kernel:3-stride:1-idskip:0-se:1-hs:1": {
  "count": 79,
  "mean": 57.19969242433958,
  "std": 17.11562002260028
 },
 "expanded_conv-input:11x11x96-output:11x11x136-expand:288-kernel:5-stride:1-idskip:0-se:1-hs:1": {
  "count": 79,
  "mean": 65.67323660548729,
  "std": 30.119658092410884
 },
 "expanded_conv-input:11x11x96-output:11x11x136-expand:288-kernel:7-stride:1-idskip:0-se:1-hs:1": {
  "count": 79,
  "mean": 66.6366860836367,
  "std": 26.12355827422222
 },
 "expanded_conv-input:11x11x96-output:11x11x136-expand:384-kernel:3-stride:1-idskip:0-se:1-hs:1": {
  "count": 79,
  "mean": 73.95078864278672,
  "std": 50.533620407268785
 },
 "expanded_conv-input:11x11x96-output:11x11x136-expand:384-kernel:5-stride:1-idskip:0-se:1-hs:1": {
  "count": 79,
  "mean": 87.24737770949739,
  "std": 39.31792316127789
 },
 "expanded_conv-input:11x11x96-output:11x11x136-expand:384-kernel:7-stride:1-idskip:0-se:1-hs:1": {
  "count": 79,
  "mean": 94.78604944446418,
  "std": 26.986364739677985
 },
 "expanded_conv-input:11x11x96-output:11x11x136-expand:576-kernel:3-stride:1-idskip:0-se:1-hs:1": {
  "count": 79,
  "mean": 107.20743106890329,
  "std": 26.299118387373984
 },
 "expanded_conv-input:11x11x96-output:11x11x136-expand:576-kernel:5-stride:1-idskip:0-se:1-hs:1": {
  "count": 79,
  "mean": 121.38746659966964,
  "std": 28.73005997390636
 },
 "expanded_conv-input:11x11x96-output:11x11x136-expand:576-kernel:7-stride:1-idskip:0-se:1-hs:1": {
  "count": 79,
  "mean": 128.5315103168729,
  "std": 35.62899620973305
 },
 "expanded_conv-input:11x11x96-output:11x11x96-expand:288-kernel:3-stride:1-idskip:1-se:0-hs:1": {
  "count": 79,
  "mean": 52.83199382733695,
  "std": 18.281856915300374
 },
 "expanded_conv-input:11x11x96-output:11x11x96-expand:288-kernel:5-stride:1-idskip:1-se:0-hs:1": {
  "count": 79,
  "mean": 57.28622931468336,
  "std": 13.72175984342688
 },
 "expanded_conv-input:11x11x96-output:11x11x96-expand:288-kernel:7-stride:1-idskip:1-se:0-hs:1": {
  "count": 79,
  "mean": 59.90979339503035,
  "std": 17.913503149950742
 },
 "expanded_conv-input:11x11x96-output:11x11x96-expand:384-kernel:3-stride:1-idskip:1-se:0-hs:1": {
  "count": 79,
  "mean": 65.45850596850431,
  "std": 41.26006532772178
 },
 "expanded_conv-input:11x11x96-output:11x11x96-expand:384-kernel:5-stride:1-idskip:1-se:0-hs:1": {
  "count": 79,
  "mean": 78.17190810094905,
  "std": 29.255514344640343
 },
 "expanded_conv-input:11x11x96-output:11x11x96-expand:384-kernel:7-stride:1-idskip:1-se:0-hs:1": {
  "count": 79,
  "mean": 86.8283977991418,
  "std": 28.221594976954325
 },
 "expanded_conv-input:11x11x96-output:11x11x96-expand:576-kernel:3-stride:1-idskip:1-se:0-hs:1": {
  "count": 79,
  "mean": 95.1941677286655,
  "std": 26.027333934673045
 },
 "expanded_conv-input:11x11x96-output:11x11x96-expand:576-kernel:5-stride:1-idskip:1-se:0-hs:1": {
  "count": 79,
  "mean": 114.08384842208669,
  "std": 24.212169227818908
 },
 "expanded_conv-input:11x11x96-output:11x11x96-expand:576-kernel:7-stride:1-idskip:1-se:0-hs:1": {
  "count": 79,
  "mean": 123.11646304553068,
  "std": 30.277807153577907
 },
 "expanded_conv-input:21x21x48-output:11x11x96-expand:144-kernel:3-stride:2-idskip:0-se:0-hs:1": {
  "count": 79,
  "mean": 30.229580553272104,
  "std": 9.117403893387117
 },
 "expanded_conv-input:21x21x48-output:11x11x96-expand:144-kernel:5-stride:2-idskip:0-se:0-hs:1": {
  "count": 79,
  "mean": 34.19698039187661,
  "std": 10.323075807181475
 },
 "expanded_conv-input:21x21x48-output:11x11x96-expand:144-kernel:7-stride:2-idskip:0-se:0-hs:1": {
  "count": 79,
  "mean": 36.068095436579064,
  "std": 17.324574593040563
 },
 "expanded_conv-input:21x21x48-output:11x11x96-expand:192-kernel:3-stride:2-idskip:0-se:0-hs:1": {
  "count": 79,
  "mean": 37.589260294467586,
  "std": 15.034437405517144
 },
 "expanded_conv-input:21x21x48-output:11x11x96-expand:192-kernel:5-stride:2-idskip:0-se:0-hs:1": {
  "count": 79,
  "mean": 45.174903507474106,
  "std": 15.01323768310577
 },
 "expanded_conv-input:21x21x48-output:11x11x96-expand:192-kernel:7-stride:2-idskip:0-se:0-hs:1": {
  "count": 79,
  "mean": 49.94985121714918,
  "std": 16.102973378531242
 },