{
 "AvgPool2D-input:7x7x1152-output:1x1x1152": {
  "count": 496,
  "mean": 0.229859352112,
  "std":  0.356244913243
 },
 "Conv-input:208x208x3-output:104x104x24": {
  "count": 500,
  "mean": 103.984633088,
  "std": 27.489660883
 },
 "Conv_1-input:7x7x192-output:7x7x1152": {
  "count": 500,
  "mean": 134.033054113,
  "std": 30.4331519857
 },
 "Conv_2-input:1x1x1152-output:1x1x1536": {
  "count": 500,
  "mean": 12.07719147214,
  "std": 3.58611858331
 },
 "Logits-input:1x1x1536-output:1000": {
  "count": 500,
  "mean": 6.91167414188,
  "std": 14.3867531666
 },
 "expanded_conv-input:104x104x24-output:104x104x24-expand:24-kernel:3-stride:1-idskip:1-se:0-hs:0": {
  "count": 500,
  "mean": 1.510194,
  "std": 0.024411725952910406
 },
 "expanded_conv-input:104x104x24-output:52x52x32-expand:144-kernel:3-stride:2-idskip:0-se:0-hs:0": {
  "count": 79,
  "mean": 84.64621592171585,
  "std": 25.351302504777813
 },
 "expanded_conv-input:104x104x24-output:52x52x32-expand:144-kernel:5-stride:2-idskip:0-se:0-hs:0": {
  "count": 79,
  "mean": 153.41651892360252,
  "std": 60.29243706570599
 },
 "expanded_conv-input:104x104x24-output:52x52x32-expand:144-kernel:7-stride:2-idskip:0-se:0-hs:0": {
  "count": 79,
  "mean": 213.99219126640995,
  "std": 54.81920347311034
 },
 "expanded_conv-input:104x104x24-output:52x52x32-expand:72-kernel:3-stride:2-idskip:0-se:0-hs:0": {
  "count": 79,
  "mean": 49.311544321760344,
  "std": 25.51171968991506
 },
 "expanded_conv-input:104x104x24-output:52x52x32-expand:72-kernel:5-stride:2-idskip:0-se:0-hs:0": {
  "count": 79,
  "mean": 70.10745700401596,
  "std": 22.910429892041467
 },
 "expanded_conv-input:104x104x24-output:52x52x32-expand:72-kernel:7-stride:2-idskip:0-se:0-hs:0": {
  "count": 79,
  "mean": 121.52575541146194,
  "std": 43.66625475079991
 },
 "expanded_conv-input:104x104x24-output:52x52x32-expand:96-kernel:3-stride:2-idskip:0-se:0-hs:0": {
  "count": 79,
  "mean": 62.24783161018468,
  "std": 18.164364283259545
 },
 "expanded_conv-input:104x104x24-output:52x52x32-expand:96-kernel:5-stride:2-idskip:0-se:0-hs:0": {
  "count": 79,
  "mean": 99.5124171051798,
  "std": 53.274375443847674
 },
 "expanded_conv-input:104x104x24-output:52x52x32-expand:96-kernel:7-stride:2-idskip:0-se:0-hs:0": {
  "count": 79,
  "mean": 161.95057615449156,
  "std": 47.18705848627542
 },
 "expanded_conv-input:13x13x136-output:13x13x136-expand:408-kernel:3-stride:1-idskip:1-se:1-hs:1": {
  "count": 79,
  "mean": 74.47844819177556,
  "std": 23.078781485864074
 },
 "expanded_conv-input:13x13x136-output:13x13x136-expand:408-kernel:5-stride:1-idskip:1-se:1-hs:1": {
  "count": 79,
  "mean": 92.564024502718,
  "std": 36.34170868137824
 },
 "expanded_conv-input:13x13x136-output:13x13x136-expand:408-kernel:7-stride:1-idskip:1-se:1-hs:1": {
  "count": 79,
  "mean": 100.96031502832341,
  "std": 25.460031244366444
 },
 "expanded_conv-input:13x13x136-output:13x13x136-expand:544-kernel:3-stride:1-idskip:1-se:1-hs:1": {
  "count": 79,
  "mean": 101.14725028412252,
  "std": 42.06904096146474
 },
 "expanded_conv-input:13x13x136-output:13x13x136-expand:544-kernel:5-stride:1-idskip:1-se:1-hs:1": {
  "count": 79,
  "mean": 112.42136774183828,
  "std": 30.301680187799793
 },
 "expanded_conv-input:13x13x136-output:13x13x136-expand:544-kernel:7-stride:1-idskip:1-se:1-hs:1": {
  "count": 79,
  "mean": 149.65475360049476,
  "std": 134.86543197714977
 },
 "expanded_conv-input:13x13x136-output:13x13x136-expand:816-kernel:3-stride:1-idskip:1-se:1-hs:1": {
  "count": 79,
  "mean": 141.16043984135496,
  "std": 37.88820771115314
 },
 "expanded_conv-input:13x13x136-output:13x13x136-expand:816-kernel:5-stride:1-idskip:1-se:1-hs:1": {
  "count": 79,
  "mean": 170.5240388459797,
  "std": 67.19261181211579
 },
 "expanded_conv-input:13x13x136-output:13x13x136-expand:816-kernel:7-stride:1-idskip:1-se:1-hs:1": {
  "count": 79,
  "mean": 189.56081173087978,
  "std": 47.35049429299755
 },
 "expanded_conv-input:13x13x136-output:7x7x192-expand:408-kernel:3-stride:2-idskip:0-se:1-hs:1": {
  "count": 79,
  "mean": 69.49711147742936,
  "std": 30.13972741665075
 },
 "expanded_conv-input:13x13x136-output:7x7x192-expand:408-kernel:5-stride:2-idskip:0-se:1-hs:1": {
  "count": 79,
  "mean": 75.2486639384982,
  "std": 26.61360337210624
 },
 "expanded_conv-input:13x13x136-output:7x7x192-expand:408-kernel:7-stride:2-idskip:0-se:1-hs:1": {
  "count": 79,
  "mean": 79.32396176495129,
  "std": 24.671024910679286
 },
 "expanded_conv-input:13x13x136-output:7x7x192-expand:544-kernel:3-stride:2-idskip:0-se:1-hs:1": {
  "count": 79,
  "mean": 94.48446201372751,
  "std": 36.58394538756388
 },
 "expanded_conv-input:13x13x136-output:7x7x192-expand:544-kernel:5-stride:2-idskip:0-se:1-hs:1": {
  "count": 79,
  "mean": 96.87269790263116,
  "std": 36.118661406118015
 },
 "expanded_conv-input:13x13x136-output:7x7x192-expand:544-kernel:7-stride:2-idskip:0-se:1-hs:1": {
  "count": 79,
  "mean": 109.4026293935655,
  "std": 36.08296720448261
 },
 "expanded_conv-input:13x13x136-output:7x7x192-expand:816-kernel:3-stride:2-idskip:0-se:1-hs:1": {
  "count": 79,
  "mean": 131.5489992310729,
  "std": 52.6319975121191
 },
 "expanded_conv-input:13x13x136-output:7x7x192-expand:816-kernel:5-stride:2-idskip:0-se:1-hs:1": {
  "count": 79,
  "mean": 138.3849578567698,
  "std": 35.686315996865176
 },
 "expanded_conv-input:13x13x136-output:7x7x192-expand:816-kernel:7-stride:2-idskip:0-se:1-hs:1": {
  "count": 79,
  "mean": 153.88198743892622,
  "std": 43.145517375398256
 },
 "expanded_conv-input:13x13x96-output:13x13x136-expand:288-kernel:3-stride:1-idskip:0-se:1-hs:1": {
  "count": 79,
  "mean": 55.384747589690775,
  "std": 16.935513774456123
 },
 "expanded_conv-input:13x13x96-output:13x13x136-expand:288-kernel:5-stride:1-idskip:0-se:1-hs:1": {
  "count": 79,
  "mean": 62.54580956471117,
  "std": 17.397493987656716
 },
 "expanded_conv-input:13x13x96-output:13x13x136-expand:288-kernel:7-stride:1-idskip:0-se:1-hs:1": {
  "count": 79,
  "mean": 69.5701067960715,
  "std": 22.546751649889064
 },
 "expanded_conv-input:13x13x96-output:13x13x136-expand:384-kernel:3-stride:1-idskip:0-se:1-hs:1": {
  "count": 79,
  "mean": 66.24030463303191,
  "std": 27.31586941804379
 },
 "expanded_conv-input:13x13x96-output:13x13x136-expand:384-kernel:5-stride:1-idskip:0-se:1-hs:1": {
  "count": 79,
  "mean": 77.52247701717329,
  "std": 24.58333308588489
 },
 "expanded_conv-input:13x13x96-output:13x13x136-expand:384-kernel:7-stride:1-idskip:0-se:1-hs:1": {
  "count": 79,
  "mean": 95.17214871660063,
  "std": 45.05452149404017
 },
 "expanded_conv-input:13x13x96-output:13x13x136-expand:576-kernel:3-stride:1-idskip:0-se:1-hs:1": {
  "count": 79,
  "mean": 105.37670232072661,
  "std": 27.65675893970788
 },
 "expanded_conv-input:13x13x96-output:13x13x136-expand:576-kernel:5-stride:1-idskip:0-se:1-hs:1": {
  "count": 79,
  "mean": 117.43085897421535,
  "std": 36.077237194093215
 },
 "expanded_conv-input:13x13x96-output:13x13x136-expand:576-kernel:7-stride:1-idskip:0-se:1-hs:1": {
  "count": 79,
  "mean": 132.68400445769106,
  "std": 38.56717713749549
 },
 "expanded_conv-input:13x13x96-output:13x13x96-expand:288-kernel:3-stride:1-idskip:1-se:0-hs:1": {
  "count": 79,
  "mean": 50.03340033036244,
  "std": 16.166681716280596
 },
 "expanded_conv-input:13x13x96-output:13x13x96-expand:288-kernel:5-stride:1-idskip:1-se:0-hs:1": {
  "count": 79,
  "mean": 53.72328396084942,
  "std": 16.10304553750106
 },
 "expanded_conv-input:13x13x96-output:13x13x96-expand:288-kernel:7-stride:1-idskip:1-se:0-hs:1": {
  "count": 79,
  "mean": 66.86500959758517,
  "std": 18.235783592405483
 },
 "expanded_conv-input:13x13x96-output:13x13x96-expand:384-kernel:3-stride:1-idskip:1-se:0-hs:1": {
  "count": 79,
  "mean": 58.88927435573143,
  "std": 27.654223671637286
 },
 "expanded_conv-input:13x13x96-output:13x13x96-expand:384-kernel:5-stride:1-idskip:1-se:0-hs:1": {
  "count": 79,
  "mean": 73.65869268586364,
  "std": 25.229811224322418
 },