{
 "AvgPool2D-input:7x7x1152-output:1x1x1152": {
  "count": 492,
  "mean": 0.362387299538,
  "std": 0.840500529338
 },
 "Conv-input:220x220x3-output:110x110x24": {
  "count": 500,
  "mean": 104.11747992,
  "std": 25.0861546451
 },
 "Conv_1-input:7x7x192-output:7x7x1152": {
  "count": 500,
  "mean": 136.281847954,
  "std": 29.8050732775
 },
 "Conv_2-input:1x1x1152-output:1x1x1536": {
  "count": 500,
  "mean": 12.6595705748,
  "std": 4.02746003845
 },
 "Logits-input:1x1x1536-output:1000": {
  "count": 500,
  "mean": 6.73758983612,
  "std": 10.2724170696
 },
 "expanded_conv-input:110x110x24-output:110x110x24-expand:24-kernel:3-stride:1-idskip:1-se:0-hs:0": {
  "count": 500,
  "mean": 1.697372,
  "std": 0.026445446035187233
 },
 "expanded_conv-input:110x110x24-output:55x55x32-expand:144-kernel:3-stride:2-idskip:0-se:0-hs:0": {
  "count": 79,
  "mean": 89.93870698952976,
  "std": 31.243591370573398
 },
 "expanded_conv-input:110x110x24-output:55x55x32-expand:144-kernel:5-stride:2-idskip:0-se:0-hs:0": {
  "count": 79,
  "mean": 146.78694930257677,
  "std": 51.31957238627793
 },
 "expanded_conv-input:110x110x24-output:55x55x32-expand:144-kernel:7-stride:2-idskip:0-se:0-hs:0": {
  "count": 79,
  "mean": 235.15391047996812,
  "std": 56.3965286585761
 },
 "expanded_conv-input:110x110x24-output:55x55x32-expand:72-kernel:3-stride:2-idskip:0-se:0-hs:0": {
  "count": 79,
  "mean": 52.15123635304125,
  "std": 23.91313103140118
 },
 "expanded_conv-input:110x110x24-output:55x55x32-expand:72-kernel:5-stride:2-idskip:0-se:0-hs:0": {
  "count": 79,
  "mean": 79.13141310969486,
  "std": 30.93303157370227
 },
 "expanded_conv-input:110x110x24-output:55x55x32-expand:72-kernel:7-stride:2-idskip:0-se:0-hs:0": {
  "count": 79,
  "mean": 106.58026948759827,
  "std": 32.55801107550845
 },
 "expanded_conv-input:110x110x24-output:55x55x32-expand:96-kernel:3-stride:2-idskip:0-se:0-hs:0": {
  "count": 79,
  "mean": 70.65147387830517,
  "std": 33.96938116082312
 },
 "expanded_conv-input:110x110x24-output:55x55x32-expand:96-kernel:5-stride:2-idskip:0-se:0-hs:0": {
  "count": 79,
  "mean": 98.5072655013845,
  "std": 27.182183071189524
 },
 "expanded_conv-input:110x110x24-output:55x55x32-expand:96-kernel:7-stride:2-idskip:0-se:0-hs:0": {
  "count": 79,
  "mean": 155.12223485149914,
  "std": 48.6806583079949
 },
 "expanded_conv-input:14x14x136-output:14x14x136-expand:408-kernel:3-stride:1-idskip:1-se:1-hs:1": {
  "count": 79,
  "mean": 75.95023626013648,
  "std": 25.50119998520214
 },
 "expanded_conv-input:14x14x136-output:14x14x136-expand:408-kernel:5-stride:1-idskip:1-se:1-hs:1": {
  "count": 79,
  "mean": 88.3914005907276,
  "std": 29.69428494973836
 },
 "expanded_conv-input:14x14x136-output:14x14x136-expand:408-kernel:7-stride:1-idskip:1-se:1-hs:1": {
  "count": 79,
  "mean": 100.55052781406837,
  "std": 29.04648920705461
 },
 "expanded_conv-input:14x14x136-output:14x14x136-expand:544-kernel:3-stride:1-idskip:1-se:1-hs:1": {
  "count": 79,
  "mean": 112.54915708228003,
  "std": 23.658143605525172
 },
 "expanded_conv-input:14x14x136-output:14x14x136-expand:544-kernel:5-stride:1-idskip:1-se:1-hs:1": {
  "count": 79,
  "mean": 113.47698863548568,
  "std": 34.5370640057888
 },
 "expanded_conv-input:14x14x136-output:14x14x136-expand:544-kernel:7-stride:1-idskip:1-se:1-hs:1": {
  "count": 79,
  "mean": 137.13055924524235,
  "std": 39.21533818802211
 },
 "expanded_conv-input:14x14x136-output:14x14x136-expand:816-kernel:3-stride:1-idskip:1-se:1-hs:1": {
  "count": 79,
  "mean": 150.04984336563302,
  "std": 38.34928405680102
 },
 "expanded_conv-input:14x14x136-output:14x14x136-expand:816-kernel:5-stride:1-idskip:1-se:1-hs:1": {
  "count": 79,
  "mean": 168.57242282432847,
  "std": 51.642656827784194
 },
 "expanded_conv-input:14x14x136-output:14x14x136-expand:816-kernel:7-stride:1-idskip:1-se:1-hs:1": {
  "count": 79,
  "mean": 206.12541331520563,
  "std": 72.18850903433132
 },
 "expanded_conv-input:14x14x136-output:7x7x192-expand:408-kernel:3-stride:2-idskip:0-se:1-hs:1": {
  "count": 79,
  "mean": 68.37531886523283,
  "std": 19.350333824460026
 },
 "expanded_conv-input:14x14x136-output:7x7x192-expand:408-kernel:5-stride:2-idskip:0-se:1-hs:1": {
  "count": 79,
  "mean": 76.15066178237336,
  "std": 29.5320377095946
 },
 "expanded_conv-input:14x14x136-output:7x7x192-expand:408-kernel:7-stride:2-idskip:0-se:1-hs:1": {
  "count": 79,
  "mean": 82.82551584364492,
  "std": 37.70948136595808
 },
 "expanded_conv-input:14x14x136-output:7x7x192-expand:544-kernel:3-stride:2-idskip:0-se:1-hs:1": {
  "count": 79,
  "mean": 97.77261033842835,
  "std": 36.0534833550199
 },
 "expanded_conv-input:14x14x136-output:7x7x192-expand:544-kernel:5-stride:2-idskip:0-se:1-hs:1": {
  "count": 79,
  "mean": 95.155604277985,
  "std": 27.183288045212706
 },
 "expanded_conv-input:14x14x136-output:7x7x192-expand:544-kernel:7-stride:2-idskip:0-se:1-hs:1": {
  "count": 79,
  "mean": 108.39655731297746,
  "std": 30.175413012609972
 },
 "expanded_conv-input:14x14x136-output:7x7x192-expand:816-kernel:3-stride:2-idskip:0-se:1-hs:1": {
  "count": 79,
  "mean": 140.3102150446252,
  "std": 66.77545633647874
 },
 "expanded_conv-input:14x14x136-output:7x7x192-expand:816-kernel:5-stride:2-idskip:0-se:1-hs:1": {
  "count": 79,
  "mean": 142.14580873899823,
  "std": 41.60138100966691
 },
 "expanded_conv-input:14x14x136-output:7x7x192-expand:816-kernel:7-stride:2-idskip:0-se:1-hs:1": {
  "count": 79,
  "mean": 162.04067423373837,
  "std": 59.536815707522614
 },
 "expanded_conv-input:14x14x96-output:14x14x136-expand:288-kernel:3-stride:1-idskip:0-se:1-hs:1": {
  "count": 79,
  "mean": 56.802939765061005,
  "std": 18.940225975929323
 },
 "expanded_conv-input:14x14x96-output:14x14x136-expand:288-kernel:5-stride:1-idskip:0-se:1-hs:1": {
  "count": 79,
  "mean": 64.17483619496792,
  "std": 26.114712158019366
 },
 "expanded_conv-input:14x14x96-output:14x14x136-expand:288-kernel:7-stride:1-idskip:0-se:1-hs:1": {
  "count": 79,
  "mean": 71.93087626107132,
  "std": 21.36671415647633
 },
 "expanded_conv-input:14x14x96-output:14x14x136-expand:384-kernel:3-stride:1-idskip:0-se:1-hs:1": {
  "count": 79,
  "mean": 71.68744183793852,
  "std": 25.12844780250847
 },
 "expanded_conv-input:14x14x96-output:14x14x136-expand:384-kernel:5-stride:1-idskip:0-se:1-hs:1": {
  "count": 79,
  "mean": 80.59900923620296,
  "std": 24.691183692321175
 },
 "expanded_conv-input:14x14x96-output:14x14x136-expand:384-kernel:7-stride:1-idskip:0-se:1-hs:1": {
  "count": 79,
  "mean": 97.51455693305293,
  "std": 32.230750375670134
 },
 "expanded_conv-input:14x14x96-output:14x14x136-expand:576-kernel:3-stride:1-idskip:0-se:1-hs:1": {
  "count": 79,
  "mean": 109.97646971593929,
  "std": 31.79829824254851
 },
 "expanded_conv-input:14x14x96-output:14x14x136-expand:576-kernel:5-stride:1-idskip:0-se:1-hs:1": {
  "count": 79,
  "mean": 121.79212026958224,
  "std": 47.69619937687672
 },
 "expanded_conv-input:14x14x96-output:14x14x136-expand:576-kernel:7-stride:1-idskip:0-se:1-hs:1": {
  "count": 79,
  "mean": 149.15384220171578,
  "std": 55.34932948049494
 },
 "expanded_conv-input:14x14x96-output:14x14x96-expand:288-kernel:3-stride:1-idskip:1-se:0-hs:1": {
  "count": 79,
  "mean": 51.365387590625616,
  "std": 23.291234495514512
 },
 "expanded_conv-input:14x14x96-output:14x14x96-expand:288-kernel:5-stride:1-idskip:1-se:0-hs:1": {
  "count": 79,
  "mean": 60.759076589270485,
  "std": 28.25374607291095
 },
 "expanded_conv-input:14x14x96-output:14x14x96-expand:288-kernel:7-stride:1-idskip:1-se:0-hs:1": {
  "count": 79,
  "mean": 67.07853908780255,
  "std": 21.58547770078518
 },
 "expanded_conv-input:14x14x96-output:14x14x96-expand:384-kernel:3-stride:1-idskip:1-se:0-hs:1": {
  "count": 79,
  "mean": 55.89580234093002,
  "std": 24.05988168602369
 },
 "expanded_conv-input:14x14x96-output:14x14x96-expand:384-kernel:5-stride:1-idskip:1-se:0-hs:1": {
  "count": 79,
  "mean": 73.02936421164983,
  "std": 25.60251710415188
 },