{
 "AvgPool2D-input:5x5x1152-output:1x1x1152": {
  "count": 491,
  "mean":  0.113740563393,
  "std": 0.0300814513532
 },
 "Conv-input:160x160x3-output:80x80x24": {
  "count": 498,
  "mean": 96.1561411619,
  "std": 24.6281673476
 },
 "Conv_1-input:5x5x192-output:5x5x1152": {
  "count": 498,
  "mean": 125.763460994,
  "std": 28.5902940093
 },
 "Conv_2-input:1x1x1152-output:1x1x1536": {
  "count": 498,
  "mean": 19.510653615,
  "std": 9.49196163543
 },
 "Logits-input:1x1x1536-output:1000": {
  "count": 499,
  "mean": 12.5327706337,
  "std": 16.4553474237
 },
 "expanded_conv-input:10x10x136-output:10x10x136-expand:408-kernel:3-stride:1-idskip:1-se:1-hs:1": {
  "count": 79,
  "mean": 83.7753301934351,
  "std": 21.807146800617407
 },
 "expanded_conv-input:10x10x136-output:10x10x136-expand:408-kernel:5-stride:1-idskip:1-se:1-hs:1": {
  "count": 79,
  "mean": 86.6237863709655,
  "std": 21.354083161502746
 },
 "expanded_conv-input:10x10x136-output:10x10x136-expand:408-kernel:7-stride:1-idskip:1-se:1-hs:1": {
  "count": 79,
  "mean": 101.84300096729133,
  "std": 20.88757177531577
 },
 "expanded_conv-input:10x10x136-output:10x10x136-expand:544-kernel:3-stride:1-idskip:1-se:1-hs:1": {
  "count": 79,
  "mean": 106.82823386373398,
  "std": 24.645732687811403
 },
 "expanded_conv-input:10x10x136-output:10x10x136-expand:544-kernel:5-stride:1-idskip:1-se:1-hs:1": {
  "count": 79,
  "mean": 117.60418022735209,
  "std": 42.199392828457526
 },
 "expanded_conv-input:10x10x136-output:10x10x136-expand:544-kernel:7-stride:1-idskip:1-se:1-hs:1": {
  "count": 79,
  "mean": 129.2557776728763,
  "std": 35.00017107082329
 },
 "expanded_conv-input:10x10x136-output:10x10x136-expand:816-kernel:3-stride:1-idskip:1-se:1-hs:1": {
  "count": 79,
  "mean": 148.44902557662772,
  "std": 28.911587757013482
 },
 "expanded_conv-input:10x10x136-output:10x10x136-expand:816-kernel:5-stride:1-idskip:1-se:1-hs:1": {
  "count": 79,
  "mean": 164.13526293597644,
  "std": 55.11067073423401
 },
 "expanded_conv-input:10x10x136-output:10x10x136-expand:816-kernel:7-stride:1-idskip:1-se:1-hs:1": {
  "count": 79,
  "mean": 202.95209824284422,
  "std": 78.00281179511398
 },
 "expanded_conv-input:10x10x136-output:5x5x192-expand:408-kernel:3-stride:2-idskip:0-se:1-hs:1": {
  "count": 79,
  "mean": 76.53961302358893,
  "std": 23.498860928990805
 },
 "expanded_conv-input:10x10x136-output:5x5x192-expand:408-kernel:5-stride:2-idskip:0-se:1-hs:1": {
  "count": 79,
  "mean": 75.3356444684765,
  "std": 24.56092892392367
 },
 "expanded_conv-input:10x10x136-output:5x5x192-expand:408-kernel:7-stride:2-idskip:0-se:1-hs:1": {
  "count": 79,
  "mean": 82.38350288777411,
  "std": 35.902178818402135
 },
 "expanded_conv-input:10x10x136-output:5x5x192-expand:544-kernel:3-stride:2-idskip:0-se:1-hs:1": {
  "count": 79,
  "mean": 97.03264055372793,
  "std": 25.88064962567498
 },
 "expanded_conv-input:10x10x136-output:5x5x192-expand:544-kernel:5-stride:2-idskip:0-se:1-hs:1": {
  "count": 79,
  "mean": 99.33084174047542,
  "std": 28.089333324439995
 },
 "expanded_conv-input:10x10x136-output:5x5x192-expand:544-kernel:7-stride:2-idskip:0-se:1-hs:1": {
  "count": 79,
  "mean": 113.55282083342347,
  "std": 59.33289487790289
 },
 "expanded_conv-input:10x10x136-output:5x5x192-expand:816-kernel:3-stride:2-idskip:0-se:1-hs:1": {
  "count": 79,
  "mean": 128.2993962493124,
  "std": 32.82789326818843
 },
 "expanded_conv-input:10x10x136-output:5x5x192-expand:816-kernel:5-stride:2-idskip:0-se:1-hs:1": {
  "count": 79,
  "mean": 136.37364665164222,
  "std": 65.35448060598011
 },
 "expanded_conv-input:10x10x136-output:5x5x192-expand:816-kernel:7-stride:2-idskip:0-se:1-hs:1": {
  "count": 79,
  "mean": 151.92510810079455,
  "std": 46.892896287185955
 },
 "expanded_conv-input:10x10x96-output:10x10x136-expand:288-kernel:3-stride:1-idskip:0-se:1-hs:1": {
  "count": 79,
  "mean": 60.534033594252186,
  "std": 17.627581289400116
 },
 "expanded_conv-input:10x10x96-output:10x10x136-expand:288-kernel:5-stride:1-idskip:0-se:1-hs:1": {
  "count": 79,
  "mean": 60.83303463609913,
  "std": 15.726733083999852
 },
 "expanded_conv-input:10x10x96-output:10x10x136-expand:288-kernel:7-stride:1-idskip:0-se:1-hs:1": {
  "count": 79,
  "mean": 73.59271713449985,
  "std": 14.9271104123351
 },
 "expanded_conv-input:10x10x96-output:10x10x136-expand:384-kernel:3-stride:1-idskip:0-se:1-hs:1": {
  "count": 79,
  "mean": 74.22789440879339,
  "std": 32.2335491027451
 },
 "expanded_conv-input:10x10x96-output:10x10x136-expand:384-kernel:5-stride:1-idskip:0-se:1-hs:1": {
  "count": 79,
  "mean": 81.0866446434697,
  "std": 30.635590211854367
 },
 "expanded_conv-input:10x10x96-output:10x10x136-expand:384-kernel:7-stride:1-idskip:0-se:1-hs:1": {
  "count": 79,
  "mean": 91.845409779609,
  "std": 25.679239463537673
 },
 "expanded_conv-input:10x10x96-output:10x10x136-expand:576-kernel:3-stride:1-idskip:0-se:1-hs:1": {
  "count": 79,
  "mean": 108.28483557399315,
  "std": 27.438328849497626
 },
 "expanded_conv-input:10x10x96-output:10x10x136-expand:576-kernel:5-stride:1-idskip:0-se:1-hs:1": {
  "count": 79,
  "mean": 123.97801725170281,
  "std": 51.657427145413564
 },
 "expanded_conv-input:10x10x96-output:10x10x136-expand:576-kernel:7-stride:1-idskip:0-se:1-hs:1": {
  "count": 79,
  "mean": 128.65508960772164,
  "std": 37.255595893600315
 },
 "expanded_conv-input:10x10x96-output:10x10x96-expand:288-kernel:3-stride:1-idskip:1-se:0-hs:1": {
  "count": 79,
  "mean": 59.74886990800689,
  "std": 25.986466374682035
 },
 "expanded_conv-input:10x10x96-output:10x10x96-expand:288-kernel:5-stride:1-idskip:1-se:0-hs:1": {
  "count": 79,
  "mean": 53.45102201534223,
  "std": 15.092054305525265
 },
 "expanded_conv-input:10x10x96-output:10x10x96-expand:288-kernel:7-stride:1-idskip:1-se:0-hs:1": {
  "count": 79,
  "mean": 64.98205510875847,
  "std": 17.129988200621373
 },
 "expanded_conv-input:10x10x96-output:10x10x96-expand:384-kernel:3-stride:1-idskip:1-se:0-hs:1": {
  "count": 79,
  "mean": 64.50222413751143,
  "std": 24.286557535076962
 },
 "expanded_conv-input:10x10x96-output:10x10x96-expand:384-kernel:5-stride:1-idskip:1-se:0-hs:1": {
  "count": 79,
  "mean": 71.5682959254784,
  "std": 34.160350756662865
 },
 "expanded_conv-input:10x10x96-output:10x10x96-expand:384-kernel:7-stride:1-idskip:1-se:0-hs:1": {
  "count": 79,
  "mean": 81.99208295798,
  "std": 22.265962119436757
 },
 "expanded_conv-input:10x10x96-output:10x10x96-expand:576-kernel:3-stride:1-idskip:1-se:0-hs:1": {
  "count": 79,
  "mean": 99.05607790886602,
  "std": 42.34571611976287
 },
 "expanded_conv-input:10x10x96-output:10x10x96-expand:576-kernel:5-stride:1-idskip:1-se:0-hs:1": {
  "count": 79,
  "mean": 106.89098925530156,
  "std": 31.569506548602888
 },
 "expanded_conv-input:10x10x96-output:10x10x96-expand:576-kernel:7-stride:1-idskip:1-se:0-hs:1": {
  "count": 79,
  "mean": 124.67017354844492,
  "std": 36.59848253730819
 },
 "expanded_conv-input:20x20x48-output:10x10x96-expand:144-kernel:3-stride:2-idskip:0-se:0-hs:1": {
  "count": 79,
  "mean": 34.34001343159736,
  "std": 17.825236671022687
 },
 "expanded_conv-input:20x20x48-output:10x10x96-expand:144-kernel:5-stride:2-idskip:0-se:0-hs:1": {
  "count": 79,
  "mean": 30.997083156923704,
  "std": 9.51804418602164
 },
 "expanded_conv-input:20x20x48-output:10x10x96-expand:144-kernel:7-stride:2-idskip:0-se:0-hs:1": {
  "count": 79,
  "mean": 33.70758853381193,
  "std": 12.262323897785771
 },
 "expanded_conv-input:20x20x48-output:10x10x96-expand:192-kernel:3-stride:2-idskip:0-se:0-hs:1": {
  "count": 79,
  "mean": 36.61411623411541,
  "std": 18.55742609106897
 },
 "expanded_conv-input:20x20x48-output:10x10x96-expand:192-kernel:5-stride:2-idskip:0-se:0-hs:1": {
  "count": 79,
  "mean": 38.351747054087966,
  "std": 16.458514613874257
 },
 "expanded_conv-input:20x20x48-output:10x10x96-expand:192-kernel:7-stride:2-idskip:0-se:0-hs:1": {
  "count": 79,
  "mean": 46.783441229711606,
  "std": 13.395316921527606
 },