{
 "AvgPool2D-input:6x6x1152-output:1x1x1152": {
  "count": 489,
  "mean": 0.230139493942,
  "std": 0.348772947193
 },
 "Conv-input:184x184x3-output:92x92x24": {
  "count": 499,
  "mean":113.990724087,
  "std": 37.9382806488
 },
 "Conv_1-input:6x6x192-output:6x6x1152": {
  "count": 499,
  "mean": 132.445162535,
  "std": 27.258542733
 },
 "Conv_2-input:1x1x1152-output:1x1x1536": {
  "count": 499,
  "mean": 11.4427596331,
  "std": 3.36120011905
 },
 "Logits-input:1x1x1536-output:1000": {
  "count": 499,
  "mean": 6.08532130718,
  "std": 6.66827999872
 },
 "expanded_conv-input:12x12x136-output:12x12x136-expand:408-kernel:3-stride:1-idskip:1-se:1-hs:1": {
  "count": 79,
  "mean": 75.23001598406442,
  "std": 30.94383811965305
 },
 "expanded_conv-input:12x12x136-output:12x12x136-expand:408-kernel:5-stride:1-idskip:1-se:1-hs:1": {
  "count": 79,
  "mean": 84.49638342555565,
  "std": 26.964551283983386
 },
 "expanded_conv-input:12x12x136-output:12x12x136-expand:408-kernel:7-stride:1-idskip:1-se:1-hs:1": {
  "count": 79,
  "mean": 102.38338120376008,
  "std": 54.06542306772842
 },
 "expanded_conv-input:12x12x136-output:12x12x136-expand:544-kernel:3-stride:1-idskip:1-se:1-hs:1": {
  "count": 79,
  "mean": 96.13329247583317,
  "std": 36.80014225893044
 },
 "expanded_conv-input:12x12x136-output:12x12x136-expand:544-kernel:5-stride:1-idskip:1-se:1-hs:1": {
  "count": 79,
  "mean": 113.77044569087934,
  "std": 71.82532626812122
 },
 "expanded_conv-input:12x12x136-output:12x12x136-expand:544-kernel:7-stride:1-idskip:1-se:1-hs:1": {
  "count": 79,
  "mean": 122.96405925026423,
  "std": 45.68019142567592
 },
 "expanded_conv-input:12x12x136-output:12x12x136-expand:816-kernel:3-stride:1-idskip:1-se:1-hs:1": {
  "count": 79,
  "mean": 143.48323133927357,
  "std": 35.20897295200311
 },
 "expanded_conv-input:12x12x136-output:12x12x136-expand:816-kernel:5-stride:1-idskip:1-se:1-hs:1": {
  "count": 79,
  "mean": 157.42534021788006,
  "std": 48.32745198779941
 },
 "expanded_conv-input:12x12x136-output:12x12x136-expand:816-kernel:7-stride:1-idskip:1-se:1-hs:1": {
  "count": 79,
  "mean": 186.68440927433062,
  "std": 46.85199885561893
 },
 "expanded_conv-input:12x12x136-output:6x6x192-expand:408-kernel:3-stride:2-idskip:0-se:1-hs:1": {
  "count": 79,
  "mean": 72.60962981211988,
  "std": 53.629968168502366
 },
 "expanded_conv-input:12x12x136-output:6x6x192-expand:408-kernel:5-stride:2-idskip:0-se:1-hs:1": {
  "count": 79,
  "mean": 68.58834133872503,
  "std": 28.785666405557826
 },
 "expanded_conv-input:12x12x136-output:6x6x192-expand:408-kernel:7-stride:2-idskip:0-se:1-hs:1": {
  "count": 79,
  "mean": 83.53851414933989,
  "std": 22.37345191643119
 },
 "expanded_conv-input:12x12x136-output:6x6x192-expand:544-kernel:3-stride:2-idskip:0-se:1-hs:1": {
  "count": 79,
  "mean": 84.57894566692883,
  "std": 29.354641107079573
 },
 "expanded_conv-input:12x12x136-output:6x6x192-expand:544-kernel:5-stride:2-idskip:0-se:1-hs:1": {
  "count": 79,
  "mean": 86.91127089005482,
  "std": 30.46836703175763
 },
 "expanded_conv-input:12x12x136-output:6x6x192-expand:544-kernel:7-stride:2-idskip:0-se:1-hs:1": {
  "count": 79,
  "mean": 103.13182541086704,
  "std": 45.284484599319555
 },
 "expanded_conv-input:12x12x136-output:6x6x192-expand:816-kernel:3-stride:2-idskip:0-se:1-hs:1": {
  "count": 79,
  "mean": 134.41737694076346,
  "std": 50.45506944400254
 },
 "expanded_conv-input:12x12x136-output:6x6x192-expand:816-kernel:5-stride:2-idskip:0-se:1-hs:1": {
  "count": 79,
  "mean": 138.69353487521786,
  "std": 46.36614581657189
 },
 "expanded_conv-input:12x12x136-output:6x6x192-expand:816-kernel:7-stride:2-idskip:0-se:1-hs:1": {
  "count": 79,
  "mean": 138.83656489698194,
  "std": 42.183445942959715
 },
 "expanded_conv-input:12x12x96-output:12x12x136-expand:288-kernel:3-stride:1-idskip:0-se:1-hs:1": {
  "count": 79,
  "mean": 52.07099190241174,
  "std": 19.786807269477098
 },
 "expanded_conv-input:12x12x96-output:12x12x136-expand:288-kernel:5-stride:1-idskip:0-se:1-hs:1": {
  "count": 79,
  "mean": 58.73783630660817,
  "std": 21.211058252010524
 },
 "expanded_conv-input:12x12x96-output:12x12x136-expand:288-kernel:7-stride:1-idskip:0-se:1-hs:1": {
  "count": 79,
  "mean": 63.03323673296578,
  "std": 39.12461473134701
 },
 "expanded_conv-input:12x12x96-output:12x12x136-expand:384-kernel:3-stride:1-idskip:0-se:1-hs:1": {
  "count": 79,
  "mean": 64.77171559877033,
  "std": 21.38380264994945
 },
 "expanded_conv-input:12x12x96-output:12x12x136-expand:384-kernel:5-stride:1-idskip:0-se:1-hs:1": {
  "count": 79,
  "mean": 80.29482032679304,
  "std": 22.790030490646032
 },
 "expanded_conv-input:12x12x96-output:12x12x136-expand:384-kernel:7-stride:1-idskip:0-se:1-hs:1": {
  "count": 79,
  "mean": 90.27477155757856,
  "std": 30.29407212611327
 },
 "expanded_conv-input:12x12x96-output:12x12x136-expand:576-kernel:3-stride:1-idskip:0-se:1-hs:1": {
  "count": 79,
  "mean": 99.9150215824948,
  "std": 29.875375514888578
 },
 "expanded_conv-input:12x12x96-output:12x12x136-expand:576-kernel:5-stride:1-idskip:0-se:1-hs:1": {
  "count": 79,
  "mean": 118.84724641148048,
  "std": 44.9664964974018
 },
 "expanded_conv-input:12x12x96-output:12x12x136-expand:576-kernel:7-stride:1-idskip:0-se:1-hs:1": {
  "count": 79,
  "mean": 134.55925410306907,
  "std": 45.89330668694074
 },
 "expanded_conv-input:12x12x96-output:12x12x96-expand:288-kernel:3-stride:1-idskip:1-se:0-hs:1": {
  "count": 79,
  "mean": 48.40488373478757,
  "std": 23.698989472288975
 },
 "expanded_conv-input:12x12x96-output:12x12x96-expand:288-kernel:5-stride:1-idskip:1-se:0-hs:1": {
  "count": 79,
  "mean": 54.464017288594306,
  "std": 22.29685645736701
 },
 "expanded_conv-input:12x12x96-output:12x12x96-expand:288-kernel:7-stride:1-idskip:1-se:0-hs:1": {
  "count": 79,
  "mean": 51.27756806868541,
  "std": 22.174834559295864
 },
 "expanded_conv-input:12x12x96-output:12x12x96-expand:384-kernel:3-stride:1-idskip:1-se:0-hs:1": {
  "count": 79,
  "mean": 64.39721131626564,
  "std": 34.93489592606136
 },
 "expanded_conv-input:12x12x96-output:12x12x96-expand:384-kernel:5-stride:1-idskip:1-se:0-hs:1": {
  "count": 79,
  "mean": 77.86972311478627,
  "std": 32.55443168524544
 },
 "expanded_conv-input:12x12x96-output:12x12x96-expand:384-kernel:7-stride:1-idskip:1-se:0-hs:1": {
  "count": 79,
  "mean": 80.28066610988182,
  "std": 23.427985949481556
 },
 "expanded_conv-input:12x12x96-output:12x12x96-expand:576-kernel:3-stride:1-idskip:1-se:0-hs:1": {
  "count": 79,
  "mean": 89.990102792088,
  "std": 25.79477801973146
 },
 "expanded_conv-input:12x12x96-output:12x12x96-expand:576-kernel:5-stride:1-idskip:1-se:0-hs:1": {
  "count": 79,
  "mean": 107.15175278579133,
  "std": 38.26406746641535
 },
 "expanded_conv-input:12x12x96-output:12x12x96-expand:576-kernel:7-stride:1-idskip:1-se:0-hs:1": {
  "count": 79,
  "mean": 121.2533093705962,
  "std": 38.72225734500564
 },
 "expanded_conv-input:23x23x48-output:12x12x96-expand:144-kernel:3-stride:2-idskip:0-se:0-hs:1": {
  "count": 79,
  "mean": 28.33121034163463,
  "std": 18.924429559540723
 },
 "expanded_conv-input:23x23x48-output:12x12x96-expand:144-kernel:5-stride:2-idskip:0-se:0-hs:1": {
  "count": 79,
  "mean": 30.746127985700777,
  "std": 11.759293403763643
 },
 "expanded_conv-input:23x23x48-output:12x12x96-expand:144-kernel:7-stride:2-idskip:0-se:0-hs:1": {
  "count": 79,
  "mean": 30.363795123522795,
  "std": 14.495645810364485
 },
 "expanded_conv-input:23x23x48-output:12x12x96-expand:192-kernel:3-stride:2-idskip:0-se:0-hs:1": {
  "count": 79,
  "mean": 35.8210304115392,
  "std": 12.732715917413563
 },
 "expanded_conv-input:23x23x48-output:12x12x96-expand:192-kernel:5-stride:2-idskip:0-se:0-hs:1": {
  "count": 79,
  "mean": 44.563368905948685,
  "std": 21.255629177820815
 },
 "expanded_conv-input:23x23x48-output:12x12x96-expand:192-kernel:7-stride:2-idskip:0-se:0-hs:1": {
  "count": 79,
  "mean": 44.93974733956252,
  "std": 16.204243850731817
 },