{
 "AvgPool2D-input:7x7x1152-output:1x1x1152": {
  "count": 494,
  "mean": 0.205200910568,
  "std": 0.189984794251
 },
 "Conv-input:196x196x3-output:98x98x24": {
  "count": 500,
  "mean": 108.577668667,
  "std": 37.0113449779
 },
 "Conv_1-input:7x7x192-output:7x7x1152": {
  "count": 500,
  "mean": 137.579160929,
  "std": 31.7902770619
 },
 "Conv_2-input:1x1x1152-output:1x1x1536": {
  "count": 500,
  "mean": 12.2232764959,
  "std": 4.0905924771
 },
 "Logits-input:1x1x1536-output:1000": {
  "count": 500,
  "mean": 7.24777281284,
  "std": 9.67292418269
 },
 "expanded_conv-input:13x13x136-output:13x13x136-expand:408-kernel:3-stride:1-idskip:1-se:1-hs:1": {
  "count": 79,
  "mean": 76.96174971665008,
  "std": 34.57991381499832
 },
 "expanded_conv-input:13x13x136-output:13x13x136-expand:408-kernel:5-stride:1-idskip:1-se:1-hs:1": {
  "count": 79,
  "mean": 86.2999807430219,
  "std": 32.700245706672824
 },
 "expanded_conv-input:13x13x136-output:13x13x136-expand:408-kernel:7-stride:1-idskip:1-se:1-hs:1": {
  "count": 79,
  "mean": 98.95615939852557,
  "std": 26.567078010213606
 },
 "expanded_conv-input:13x13x136-output:13x13x136-expand:544-kernel:3-stride:1-idskip:1-se:1-hs:1": {
  "count": 79,
  "mean": 101.1910076382794,
  "std": 54.90549686926317
 },
 "expanded_conv-input:13x13x136-output:13x13x136-expand:544-kernel:5-stride:1-idskip:1-se:1-hs:1": {
  "count": 79,
  "mean": 117.61709406406065,
  "std": 47.000602796426456
 },
 "expanded_conv-input:13x13x136-output:13x13x136-expand:544-kernel:7-stride:1-idskip:1-se:1-hs:1": {
  "count": 79,
  "mean": 129.7733632824089,
  "std": 33.62637799878642
 },
 "expanded_conv-input:13x13x136-output:13x13x136-expand:816-kernel:3-stride:1-idskip:1-se:1-hs:1": {
  "count": 79,
  "mean": 143.9323123497299,
  "std": 49.16586170094982
 },
 "expanded_conv-input:13x13x136-output:13x13x136-expand:816-kernel:5-stride:1-idskip:1-se:1-hs:1": {
  "count": 79,
  "mean": 172.70112641250032,
  "std": 66.53798657705165
 },
 "expanded_conv-input:13x13x136-output:13x13x136-expand:816-kernel:7-stride:1-idskip:1-se:1-hs:1": {
  "count": 79,
  "mean": 190.1800089244601,
  "std": 45.11385234275159
 },
 "expanded_conv-input:13x13x136-output:7x7x192-expand:408-kernel:3-stride:2-idskip:0-se:1-hs:1": {
  "count": 79,
  "mean": 72.32052163232731,
  "std": 28.266072050683533
 },
 "expanded_conv-input:13x13x136-output:7x7x192-expand:408-kernel:5-stride:2-idskip:0-se:1-hs:1": {
  "count": 79,
  "mean": 77.19929610626608,
  "std": 35.093051281188316
 },
 "expanded_conv-input:13x13x136-output:7x7x192-expand:408-kernel:7-stride:2-idskip:0-se:1-hs:1": {
  "count": 79,
  "mean": 82.54898348941079,
  "std": 27.906824661529615
 },
 "expanded_conv-input:13x13x136-output:7x7x192-expand:544-kernel:3-stride:2-idskip:0-se:1-hs:1": {
  "count": 79,
  "mean": 87.31998069376885,
  "std": 50.61482460442208
 },
 "expanded_conv-input:13x13x136-output:7x7x192-expand:544-kernel:5-stride:2-idskip:0-se:1-hs:1": {
  "count": 79,
  "mean": 94.83500372005415,
  "std": 28.130162445221554
 },
 "expanded_conv-input:13x13x136-output:7x7x192-expand:544-kernel:7-stride:2-idskip:0-se:1-hs:1": {
  "count": 79,
  "mean": 104.5117830928368,
  "std": 26.626354007993744
 },
 "expanded_conv-input:13x13x136-output:7x7x192-expand:816-kernel:3-stride:2-idskip:0-se:1-hs:1": {
  "count": 79,
  "mean": 128.83039365840864,
  "std": 40.78229931492892
 },
 "expanded_conv-input:13x13x136-output:7x7x192-expand:816-kernel:5-stride:2-idskip:0-se:1-hs:1": {
  "count": 79,
  "mean": 147.81450319893753,
  "std": 48.16622844390129
 },
 "expanded_conv-input:13x13x136-output:7x7x192-expand:816-kernel:7-stride:2-idskip:0-se:1-hs:1": {
  "count": 79,
  "mean": 135.4556294936168,
  "std": 44.3904424393494
 },
 "expanded_conv-input:13x13x96-output:13x13x136-expand:288-kernel:3-stride:1-idskip:0-se:1-hs:1": {
  "count": 79,
  "mean": 55.69984037664872,
  "std": 19.6801671027712
 },
 "expanded_conv-input:13x13x96-output:13x13x136-expand:288-kernel:5-stride:1-idskip:0-se:1-hs:1": {
  "count": 79,
  "mean": 60.300706308099286,
  "std": 18.047186731704283
 },
 "expanded_conv-input:13x13x96-output:13x13x136-expand:288-kernel:7-stride:1-idskip:0-se:1-hs:1": {
  "count": 79,
  "mean": 71.15238225912746,
  "std": 20.646198806594445
 },
 "expanded_conv-input:13x13x96-output:13x13x136-expand:384-kernel:3-stride:1-idskip:0-se:1-hs:1": {
  "count": 79,
  "mean": 69.9534989610503,
  "std": 32.17339658595804
 },
 "expanded_conv-input:13x13x96-output:13x13x136-expand:384-kernel:5-stride:1-idskip:0-se:1-hs:1": {
  "count": 79,
  "mean": 85.03953112831599,
  "std": 32.48750139515989
 },
 "expanded_conv-input:13x13x96-output:13x13x136-expand:384-kernel:7-stride:1-idskip:0-se:1-hs:1": {
  "count": 79,
  "mean": 89.35809135437012,
  "std": 25.45696691335208
 },
 "expanded_conv-input:13x13x96-output:13x13x136-expand:576-kernel:3-stride:1-idskip:0-se:1-hs:1": {
  "count": 79,
  "mean": 107.69260382350487,
  "std": 40.24223826847694
 },
 "expanded_conv-input:13x13x96-output:13x13x136-expand:576-kernel:5-stride:1-idskip:0-se:1-hs:1": {
  "count": 79,
  "mean": 112.68657068663006,
  "std": 30.308053247725024
 },
 "expanded_conv-input:13x13x96-output:13x13x136-expand:576-kernel:7-stride:1-idskip:0-se:1-hs:1": {
  "count": 79,
  "mean": 153.46985527231723,
  "std": 27.988523908527316
 },
 "expanded_conv-input:13x13x96-output:13x13x96-expand:288-kernel:3-stride:1-idskip:1-se:0-hs:1": {
  "count": 79,
  "mean": 48.929320106023475,
  "std": 21.998960362504356
 },
 "expanded_conv-input:13x13x96-output:13x13x96-expand:288-kernel:5-stride:1-idskip:1-se:0-hs:1": {
  "count": 79,
  "mean": 53.815099257457106,
  "std": 18.60982604948798
 },
 "expanded_conv-input:13x13x96-output:13x13x96-expand:288-kernel:7-stride:1-idskip:1-se:0-hs:1": {
  "count": 79,
  "mean": 64.88728523254395,
  "std": 27.40140335599179
 },
 "expanded_conv-input:13x13x96-output:13x13x96-expand:384-kernel:3-stride:1-idskip:1-se:0-hs:1": {
  "count": 79,
  "mean": 65.95788122732428,
  "std": 20.079414432476707
 },
 "expanded_conv-input:13x13x96-output:13x13x96-expand:384-kernel:5-stride:1-idskip:1-se:0-hs:1": {
  "count": 79,
  "mean": 72.60956039911584,
  "std": 22.44789214278174
 },
 "expanded_conv-input:13x13x96-output:13x13x96-expand:384-kernel:7-stride:1-idskip:1-se:0-hs:1": {
  "count": 79,
  "mean": 83.2643267474597,
  "std": 26.80947023782584
 },
 "expanded_conv-input:13x13x96-output:13x13x96-expand:576-kernel:3-stride:1-idskip:1-se:0-hs:1": {
  "count": 79,
  "mean": 95.90179105348224,
  "std": 31.857472518055296
 },
 "expanded_conv-input:13x13x96-output:13x13x96-expand:576-kernel:5-stride:1-idskip:1-se:0-hs:1": {
  "count": 79,
  "mean": 103.57310500326035,
  "std": 32.7193847861425
 },
 "expanded_conv-input:13x13x96-output:13x13x96-expand:576-kernel:7-stride:1-idskip:1-se:0-hs:1": {
  "count": 79,
  "mean": 130.0148420696017,
  "std": 56.14663586592526
 },
 "expanded_conv-input:25x25x48-output:13x13x96-expand:144-kernel:3-stride:2-idskip:0-se:0-hs:1": {
  "count": 79,
  "mean": 29.972517037693457,
  "std": 11.900110257641078
 },
 "expanded_conv-input:25x25x48-output:13x13x96-expand:144-kernel:5-stride:2-idskip:0-se:0-hs:1": {
  "count": 79,
  "mean": 33.72615500341488,
  "std": 13.32538585452711
 },
 "expanded_conv-input:25x25x48-output:13x13x96-expand:144-kernel:7-stride:2-idskip:0-se:0-hs:1": {
  "count": 79,
  "mean": 38.69848915293247,
  "std": 15.012775274106303
 },
 "expanded_conv-input:25x25x48-output:13x13x96-expand:192-kernel:3-stride:2-idskip:0-se:0-hs:1": {
  "count": 79,
  "mean": 41.444075258472296,
  "std": 15.781177017309306
 },
 "expanded_conv-input:25x25x48-output:13x13x96-expand:192-kernel:5-stride:2-idskip:0-se:0-hs:1": {
  "count": 79,
  "mean": 42.97883601128301,
  "std": 14.666701812355575
 },
 "expanded_conv-input:25x25x48-output:13x13x96-expand:192-kernel:7-stride:2-idskip:0-se:0-hs:1": {
  "count": 79,
  "mean": 54.90414100357249,
  "std": 22.332871592072365
 },