{
 "AvgPool2D-input:7x7x1152-output:1x1x1152": {
  "count": 497,
  "mean": 0.302788615227,
  "std": 0.470217124371
 },
 "Conv-input:204x204x3-output:102x102x24": {
  "count": 500,
  "mean": 96.9064772129,
  "std": 27.7142929644
 },
 "Conv_1-input:7x7x192-output:7x7x1152": {
  "count": 500,
  "mean": 140.470150113,
  "std": 41.414086475
 },
 "Conv_2-input:1x1x1152-output:1x1x1536": {
  "count": 500,
  "mean": 12.9445999861,
  "std": 3.72076615328
 },
 "Logits-input:1x1x1536-output:1000": {
  "count": 500,
  "mean": 6.69815540314,
  "std": 11.6898726134
 },
 "expanded_conv-input:102x102x24-output:102x102x24-expand:24-kernel:3-stride:1-idskip:1-se:0-hs:0": {
  "count": 500,
  "mean": 1.4458419999999998,
  "std": 0.023000718162700915
 },
 "expanded_conv-input:102x102x24-output:51x51x32-expand:144-kernel:3-stride:2-idskip:0-se:0-hs:0": {
  "count": 79,
  "mean": 80.99527600445325,
  "std": 24.925621599959634
 },
 "expanded_conv-input:102x102x24-output:51x51x32-expand:144-kernel:5-stride:2-idskip:0-se:0-hs:0": {
  "count": 79,
  "mean": 136.5524515320983,
  "std": 56.58890823098182
 },
 "expanded_conv-input:102x102x24-output:51x51x32-expand:144-kernel:7-stride:2-idskip:0-se:0-hs:0": {
  "count": 79,
  "mean": 227.3973905587498,
  "std": 77.27286414842179
 },
 "expanded_conv-input:102x102x24-output:51x51x32-expand:72-kernel:3-stride:2-idskip:0-se:0-hs:0": {
  "count": 79,
  "mean": 44.25439351721655,
  "std": 14.546440131032746
 },
 "expanded_conv-input:102x102x24-output:51x51x32-expand:72-kernel:5-stride:2-idskip:0-se:0-hs:0": {
  "count": 79,
  "mean": 75.58368731148636,
  "std": 25.36742423496054
 },
 "expanded_conv-input:102x102x24-output:51x51x32-expand:72-kernel:7-stride:2-idskip:0-se:0-hs:0": {
  "count": 79,
  "mean": 111.5338078028039,
  "std": 46.82799146576698
 },
 "expanded_conv-input:102x102x24-output:51x51x32-expand:96-kernel:3-stride:2-idskip:0-se:0-hs:0": {
  "count": 79,
  "mean": 60.5480761467656,
  "std": 16.257295232904873
 },
 "expanded_conv-input:102x102x24-output:51x51x32-expand:96-kernel:5-stride:2-idskip:0-se:0-hs:0": {
  "count": 79,
  "mean": 88.98218372200108,
  "std": 28.18105107744594
 },
 "expanded_conv-input:102x102x24-output:51x51x32-expand:96-kernel:7-stride:2-idskip:0-se:0-hs:0": {
  "count": 79,
  "mean": 136.0813605634472,
  "std": 48.61703793452037
 },
 "expanded_conv-input:13x13x136-output:13x13x136-expand:408-kernel:3-stride:1-idskip:1-se:1-hs:1": {
  "count": 79,
  "mean": 78.5756775095493,
  "std": 33.54367619234221
 },
 "expanded_conv-input:13x13x136-output:13x13x136-expand:408-kernel:5-stride:1-idskip:1-se:1-hs:1": {
  "count": 79,
  "mean": 85.13501324231112,
  "std": 36.481970260811885
 },
 "expanded_conv-input:13x13x136-output:13x13x136-expand:408-kernel:7-stride:1-idskip:1-se:1-hs:1": {
  "count": 79,
  "mean": 98.68224361274815,
  "std": 27.591590688066525
 },
 "expanded_conv-input:13x13x136-output:13x13x136-expand:544-kernel:3-stride:1-idskip:1-se:1-hs:1": {
  "count": 79,
  "mean": 92.87537200541436,
  "std": 36.70725618943101
 },
 "expanded_conv-input:13x13x136-output:13x13x136-expand:544-kernel:5-stride:1-idskip:1-se:1-hs:1": {
  "count": 79,
  "mean": 114.52364921569824,
  "std": 37.110705661498216
 },
 "expanded_conv-input:13x13x136-output:13x13x136-expand:544-kernel:7-stride:1-idskip:1-se:1-hs:1": {
  "count": 79,
  "mean": 130.49349301978003,
  "std": 36.8522205338013
 },
 "expanded_conv-input:13x13x136-output:13x13x136-expand:816-kernel:3-stride:1-idskip:1-se:1-hs:1": {
  "count": 79,
  "mean": 142.45754555810856,
  "std": 36.526156868781875
 },
 "expanded_conv-input:13x13x136-output:13x13x136-expand:816-kernel:5-stride:1-idskip:1-se:1-hs:1": {
  "count": 79,
  "mean": 161.45534153226055,
  "std": 53.408116564104674
 },
 "expanded_conv-input:13x13x136-output:13x13x136-expand:816-kernel:7-stride:1-idskip:1-se:1-hs:1": {
  "count": 79,
  "mean": 197.5522825989542,
  "std": 77.21279830370948
 },
 "expanded_conv-input:13x13x136-output:7x7x192-expand:408-kernel:3-stride:2-idskip:0-se:1-hs:1": {
  "count": 79,
  "mean": 70.99393047863924,
  "std": 30.970752184076098
 },
 "expanded_conv-input:13x13x136-output:7x7x192-expand:408-kernel:5-stride:2-idskip:0-se:1-hs:1": {
  "count": 79,
  "mean": 73.54047932202303,
  "std": 24.142039509751235
 },
 "expanded_conv-input:13x13x136-output:7x7x192-expand:408-kernel:7-stride:2-idskip:0-se:1-hs:1": {
  "count": 79,
  "mean": 78.92846759361557,
  "std": 25.662649311212295
 },
 "expanded_conv-input:13x13x136-output:7x7x192-expand:544-kernel:3-stride:2-idskip:0-se:1-hs:1": {
  "count": 79,
  "mean": 92.00451343874388,
  "std": 37.455836660240685
 },
 "expanded_conv-input:13x13x136-output:7x7x192-expand:544-kernel:5-stride:2-idskip:0-se:1-hs:1": {
  "count": 79,
  "mean": 90.6405750709244,
  "std": 29.466569402965952
 },
 "expanded_conv-input:13x13x136-output:7x7x192-expand:544-kernel:7-stride:2-idskip:0-se:1-hs:1": {
  "count": 79,
  "mean": 104.79055175298377,
  "std": 33.533074441602096
 },
 "expanded_conv-input:13x13x136-output:7x7x192-expand:816-kernel:3-stride:2-idskip:0-se:1-hs:1": {
  "count": 79,
  "mean": 141.00715480273283,
  "std": 62.28683195812494
 },
 "expanded_conv-input:13x13x136-output:7x7x192-expand:816-kernel:5-stride:2-idskip:0-se:1-hs:1": {
  "count": 79,
  "mean": 140.68229590790182,
  "std": 44.25554928862496
 },
 "expanded_conv-input:13x13x136-output:7x7x192-expand:816-kernel:7-stride:2-idskip:0-se:1-hs:1": {
  "count": 79,
  "mean": 164.09350648711,
  "std": 49.02231326658932
 },
 "expanded_conv-input:13x13x96-output:13x13x136-expand:288-kernel:3-stride:1-idskip:0-se:1-hs:1": {
  "count": 79,
  "mean": 50.805345366272746,
  "std": 16.508884963043204
 },
 "expanded_conv-input:13x13x96-output:13x13x136-expand:288-kernel:5-stride:1-idskip:0-se:1-hs:1": {
  "count": 79,
  "mean": 60.586799549151074,
  "std": 31.989981567957624
 },
 "expanded_conv-input:13x13x96-output:13x13x136-expand:288-kernel:7-stride:1-idskip:0-se:1-hs:1": {
  "count": 79,
  "mean": 70.44185264201104,
  "std": 21.40812740963469
 },
 "expanded_conv-input:13x13x96-output:13x13x136-expand:384-kernel:3-stride:1-idskip:0-se:1-hs:1": {
  "count": 79,
  "mean": 67.20333159724369,
  "std": 51.28968277848789
 },
 "expanded_conv-input:13x13x96-output:13x13x136-expand:384-kernel:5-stride:1-idskip:0-se:1-hs:1": {
  "count": 79,
  "mean": 84.68410033213941,
  "std": 29.43743356653951
 },
 "expanded_conv-input:13x13x96-output:13x13x136-expand:384-kernel:7-stride:1-idskip:0-se:1-hs:1": {
  "count": 79,
  "mean": 94.74592571017108,
  "std": 34.320053953478286
 },
 "expanded_conv-input:13x13x96-output:13x13x136-expand:576-kernel:3-stride:1-idskip:0-se:1-hs:1": {
  "count": 79,
  "mean": 99.7764913341667,
  "std": 28.596288213568418
 },
 "expanded_conv-input:13x13x96-output:13x13x136-expand:576-kernel:5-stride:1-idskip:0-se:1-hs:1": {
  "count": 79,
  "mean": 114.88291885279402,
  "std": 33.05852213341687
 },
 "expanded_conv-input:13x13x96-output:13x13x136-expand:576-kernel:7-stride:1-idskip:0-se:1-hs:1": {
  "count": 79,
  "mean": 134.55773305289352,
  "std": 48.20406322506372
 },
 "expanded_conv-input:13x13x96-output:13x13x96-expand:288-kernel:3-stride:1-idskip:1-se:0-hs:1": {
  "count": 79,
  "mean": 46.4990561521506,
  "std": 14.033402566762636
 },
 "expanded_conv-input:13x13x96-output:13x13x96-expand:288-kernel:5-stride:1-idskip:1-se:0-hs:1": {
  "count": 79,
  "mean": 52.41573007800911,
  "std": 18.660021114484156
 },
 "expanded_conv-input:13x13x96-output:13x13x96-expand:288-kernel:7-stride:1-idskip:1-se:0-hs:1": {
  "count": 79,
  "mean": 64.57523756389377,
  "std": 20.0252603808933
 },
 "expanded_conv-input:13x13x96-output:13x13x96-expand:384-kernel:3-stride:1-idskip:1-se:0-hs:1": {
  "count": 79,
  "mean": 58.235681509669824,
  "std": 20.538703722635514
 },
 "expanded_conv-input:13x13x96-output:13x13x96-expand:384-kernel:5-stride:1-idskip:1-se:0-hs:1": {
  "count": 79,
  "mean": 77.38890828965586,
  "std": 33.04229464370399
 },