{
 "AvgPool2D-input:6x6x1152-output:1x1x1152": {
  "count": 481,
  "mean": 0.01143866943866944,
  "std": 0.0008462228028724753
 },
 "Conv-input:164x164x3-output:82x82x24": {
  "count": 499,
  "mean": 0.5254268537074148,
  "std": 0.01052167151471517
 },
 "Conv_1-input:6x6x192-output:6x6x1152": {
  "count": 499,
  "mean": 0.5312164328657315,
  "std": 0.019094566122638816
 },
 "Conv_2-input:1x1x1152-output:1x1x1536": {
  "count": 499,
  "mean": 0.7511462925851703,
  "std": 0.10054341648501668
 },
 "Logits-input:1x1x1536-output:1000": {
  "count": 499,
  "mean": 0.6588316633266532,
  "std": 0.07655058264209727
 },
 "expanded_conv-input:11x11x136-output:11x11x136-expand:408-kernel:3-stride:1-idskip:1-se:1-hs:1": {
  "count": 799,
  "mean": 1.6243595056450262,
  "std": 0.04688411722546605
 },
 "expanded_conv-input:11x11x136-output:11x11x136-expand:408-kernel:5-stride:1-idskip:1-se:1-hs:1": {
  "count": 799,
  "mean": 1.6374394055152866,
  "std": 0.06801845777755029
 },
 "expanded_conv-input:11x11x136-output:11x11x136-expand:408-kernel:7-stride:1-idskip:1-se:1-hs:1": {
  "count": 799,
  "mean": 1.624299528004977,
  "std": 0.04237778437370583
 },
 "expanded_conv-input:11x11x136-output:11x11x136-expand:544-kernel:3-stride:1-idskip:1-se:1-hs:1": {
  "count": 799,
  "mean": 1.9214872424683076,
  "std": 0.0669810632020235
 },
 "expanded_conv-input:11x11x136-output:11x11x136-expand:544-kernel:5-stride:1-idskip:1-se:1-hs:1": {
  "count": 799,
  "mean": 1.8883151315777411,
  "std": 0.057106696428725255
 },
 "expanded_conv-input:11x11x136-output:11x11x136-expand:544-kernel:7-stride:1-idskip:1-se:1-hs:1": {
  "count": 799,
  "mean": 1.8744958058764252,
  "std": 0.05366404008740443
 },
 "expanded_conv-input:11x11x136-output:11x11x136-expand:816-kernel:3-stride:1-idskip:1-se:1-hs:1": {
  "count": 799,
  "mean": 1.628255068286041,
  "std": 0.05027384974036589
 },
 "expanded_conv-input:11x11x136-output:11x11x136-expand:816-kernel:5-stride:1-idskip:1-se:1-hs:1": {
  "count": 799,
  "mean": 1.6367942728894822,
  "std": 0.05020502712578737
 },
 "expanded_conv-input:11x11x136-output:11x11x136-expand:816-kernel:7-stride:1-idskip:1-se:1-hs:1": {
  "count": 799,
  "mean": 1.6397137814976546,
  "std": 0.041742734066765715
 },
 "expanded_conv-input:11x11x136-output:6x6x192-expand:408-kernel:3-stride:2-idskip:0-se:1-hs:1": {
  "count": 799,
  "mean": 1.558415731589994,
  "std": 0.04521124199624272
 },
 "expanded_conv-input:11x11x136-output:6x6x192-expand:408-kernel:5-stride:2-idskip:0-se:1-hs:1": {
  "count": 799,
  "mean": 1.560725019930003,
  "std": 0.0502077243620928
 },
 "expanded_conv-input:11x11x136-output:6x6x192-expand:408-kernel:7-stride:2-idskip:0-se:1-hs:1": {
  "count": 799,
  "mean": 1.5552709338363628,
  "std": 0.04164018702422103
 },
 "expanded_conv-input:11x11x136-output:6x6x192-expand:544-kernel:3-stride:2-idskip:0-se:1-hs:1": {
  "count": 799,
  "mean": 1.8191134676020195,
  "std": 0.0573803476828338
 },
 "expanded_conv-input:11x11x136-output:6x6x192-expand:544-kernel:5-stride:2-idskip:0-se:1-hs:1": {
  "count": 799,
  "mean": 1.8179124228199373,
  "std": 0.054034733845388795
 },
 "expanded_conv-input:11x11x136-output:6x6x192-expand:544-kernel:7-stride:2-idskip:0-se:1-hs:1": {
  "count": 799,
  "mean": 1.796360755891764,
  "std": 0.047014018783793986
 },
 "expanded_conv-input:11x11x136-output:6x6x192-expand:816-kernel:3-stride:2-idskip:0-se:1-hs:1": {
  "count": 799,
  "mean": 1.5611272580334183,
  "std": 0.048031524768853986
 },
 "expanded_conv-input:11x11x136-output:6x6x192-expand:816-kernel:5-stride:2-idskip:0-se:1-hs:1": {
  "count": 799,
  "mean": 1.5727653073727412,
  "std": 0.05154080958340021
 },
 "expanded_conv-input:11x11x136-output:6x6x192-expand:816-kernel:7-stride:2-idskip:0-se:1-hs:1": {
  "count": 799,
  "mean": 1.5740102163990388,
  "std": 0.039441727266432795
 },
 "expanded_conv-input:11x11x96-output:11x11x136-expand:288-kernel:3-stride:1-idskip:0-se:1-hs:1": {
  "count": 799,
  "mean": 1.556271754755395,
  "std": 0.044736250255673946
 },
 "expanded_conv-input:11x11x96-output:11x11x136-expand:288-kernel:5-stride:1-idskip:0-se:1-hs:1": {
  "count": 799,
  "mean": 1.5672049922250837,
  "std": 0.05436005100090961
 },
 "expanded_conv-input:11x11x96-output:11x11x136-expand:288-kernel:7-stride:1-idskip:0-se:1-hs:1": {
  "count": 799,
  "mean": 1.560147921642165,
  "std": 0.0391996254036745
 },
 "expanded_conv-input:11x11x96-output:11x11x136-expand:384-kernel:3-stride:1-idskip:0-se:1-hs:1": {
  "count": 799,
  "mean": 1.5725068962469566,
  "std": 0.05473904580414249
 },
 "expanded_conv-input:11x11x96-output:11x11x136-expand:384-kernel:5-stride:1-idskip:0-se:1-hs:1": {
  "count": 799,
  "mean": 1.5584067797034196,
  "std": 0.05871123617340831
 },
 "expanded_conv-input:11x11x96-output:11x11x136-expand:384-kernel:7-stride:1-idskip:0-se:1-hs:1": {
  "count": 799,
  "mean": 1.562730540918916,
  "std": 0.04241030275851472
 },
 "expanded_conv-input:11x11x96-output:11x11x136-expand:576-kernel:3-stride:1-idskip:0-se:1-hs:1": {
  "count": 799,
  "mean": 1.5616798878312856,
  "std": 0.0502813423938807
 },
 "expanded_conv-input:11x11x96-output:11x11x136-expand:576-kernel:5-stride:1-idskip:0-se:1-hs:1": {
  "count": 799,
  "mean": 1.5749355430746257,
  "std": 0.05144606517634891
 },
 "expanded_conv-input:11x11x96-output:11x11x136-expand:576-kernel:7-stride:1-idskip:0-se:1-hs:1": {
  "count": 799,
  "mean": 1.576561802468998,
  "std": 0.03765140808869067
 },
 "expanded_conv-input:11x11x96-output:11x11x96-expand:288-kernel:3-stride:1-idskip:1-se:0-hs:1": {
  "count": 799,
  "mean": 1.036893441172804,
  "std": 0.03205576866834356
 },
 "expanded_conv-input:11x11x96-output:11x11x96-expand:288-kernel:5-stride:1-idskip:1-se:0-hs:1": {
  "count": 799,
  "mean": 1.040002132983918,
  "std": 0.04431184492375879
 },
 "expanded_conv-input:11x11x96-output:11x11x96-expand:288-kernel:7-stride:1-idskip:1-se:0-hs:1": {
  "count": 799,
  "mean": 1.0449462599390291,
  "std": 0.032545479363844734
 },
 "expanded_conv-input:11x11x96-output:11x11x96-expand:384-kernel:3-stride:1-idskip:1-se:0-hs:1": {
  "count": 799,
  "mean": 1.0478759140186524,
  "std": 0.0416337022887941
 },
 "expanded_conv-input:11x11x96-output:11x11x96-expand:384-kernel:5-stride:1-idskip:1-se:0-hs:1": {
  "count": 799,
  "mean": 1.0413890786105313,
  "std": 0.04087458665886325
 },
 "expanded_conv-input:11x11x96-output:11x11x96-expand:384-kernel:7-stride:1-idskip:1-se:0-hs:1": {
  "count": 799,
  "mean": 1.0393757993199202,
  "std": 0.03203703965484531
 },
 "expanded_conv-input:11x11x96-output:11x11x96-expand:576-kernel:3-stride:1-idskip:1-se:0-hs:1": {
  "count": 799,
  "mean": 1.0453207471940633,
  "std": 0.04761214892440385
 },
 "expanded_conv-input:11x11x96-output:11x11x96-expand:576-kernel:5-stride:1-idskip:1-se:0-hs:1": {
  "count": 799,
  "mean": 1.0493992267174177,
  "std": 0.0407213677853679
 },
 "expanded_conv-input:11x11x96-output:11x11x96-expand:576-kernel:7-stride:1-idskip:1-se:0-hs:1": {
  "count": 799,
  "mean": 1.050317391883745,
  "std": 0.0320539249849795
 },
 "expanded_conv-input:21x21x48-output:11x11x96-expand:144-kernel:3-stride:2-idskip:0-se:0-hs:1": {
  "count": 799,
  "mean": 1.0161954858276214,
  "std": 0.03530575795947739
 },
 "expanded_conv-input:21x21x48-output:11x11x96-expand:144-kernel:5-stride:2-idskip:0-se:0-hs:1": {
  "count": 799,
  "mean": 1.0263087304870835,
  "std": 0.04434011648994214
 },
 "expanded_conv-input:21x21x48-output:11x11x96-expand:144-kernel:7-stride:2-idskip:0-se:0-hs:1": {
  "count": 799,
  "mean": 1.018791234538015,
  "std": 0.036501272534117335
 },
 "expanded_conv-input:21x21x48-output:11x11x96-expand:192-kernel:3-stride:2-idskip:0-se:0-hs:1": {
  "count": 799,
  "mean": 0.9886251671591748,
  "std": 0.0353807392182613
 },
 "expanded_conv-input:21x21x48-output:11x11x96-expand:192-kernel:5-stride:2-idskip:0-se:0-hs:1": {
  "count": 799,
  "mean": 0.985014572907449,
  "std": 0.030914647500162304
 },