{
 "AvgPool2D-input:6x6x1152-output:1x1x1152": {
  "count": 486,
  "mean": 0.01147530864197531,
  "std": 0.0007470156036841124
 },
 "Conv-input:172x172x3-output:86x86x24": {
  "count": 499,
  "mean": 0.5740180360721444,
  "std": 0.011399015328159024
 },
 "Conv_1-input:6x6x192-output:6x6x1152": {
  "count": 499,
  "mean": 0.5312625250501003,
  "std": 0.01949362000446893
 },
 "Conv_2-input:1x1x1152-output:1x1x1536": {
  "count": 499,
  "mean": 0.7529739478957915,
  "std": 0.10030665068173328
 },
 "Logits-input:1x1x1536-output:1000": {
  "count": 499,
  "mean": 0.6604388777555109,
  "std": 0.07643107476624236
 },
 "expanded_conv-input:11x11x136-output:11x11x136-expand:408-kernel:3-stride:1-idskip:1-se:1-hs:1": {
  "count": 799,
  "mean": 1.6307618949231277,
  "std": 0.0570059892794137
 },
 "expanded_conv-input:11x11x136-output:11x11x136-expand:408-kernel:5-stride:1-idskip:1-se:1-hs:1": {
  "count": 799,
  "mean": 1.6364642466711012,
  "std": 0.05548252742081643
 },
 "expanded_conv-input:11x11x136-output:11x11x136-expand:408-kernel:7-stride:1-idskip:1-se:1-hs:1": {
  "count": 799,
  "mean": 1.62162410750407,
  "std": 0.041260144203375294
 },
 "expanded_conv-input:11x11x136-output:11x11x136-expand:544-kernel:3-stride:1-idskip:1-se:1-hs:1": {
  "count": 799,
  "mean": 1.852964131494935,
  "std": 0.05235641378006723
 },
 "expanded_conv-input:11x11x136-output:11x11x136-expand:544-kernel:5-stride:1-idskip:1-se:1-hs:1": {
  "count": 799,
  "mean": 1.8664417935253235,
  "std": 0.067689796938043
 },
 "expanded_conv-input:11x11x136-output:11x11x136-expand:544-kernel:7-stride:1-idskip:1-se:1-hs:1": {
  "count": 799,
  "mean": 1.8703991241837026,
  "std": 0.060850671153735374
 },
 "expanded_conv-input:11x11x136-output:11x11x136-expand:816-kernel:3-stride:1-idskip:1-se:1-hs:1": {
  "count": 799,
  "mean": 1.6213149690210298,
  "std": 0.036978107700601476
 },
 "expanded_conv-input:11x11x136-output:11x11x136-expand:816-kernel:5-stride:1-idskip:1-se:1-hs:1": {
  "count": 799,
  "mean": 1.635991288663747,
  "std": 0.04987114097414126
 },
 "expanded_conv-input:11x11x136-output:11x11x136-expand:816-kernel:7-stride:1-idskip:1-se:1-hs:1": {
  "count": 799,
  "mean": 1.6314938608487048,
  "std": 0.039932244592511636
 },
 "expanded_conv-input:11x11x136-output:6x6x192-expand:408-kernel:3-stride:2-idskip:0-se:1-hs:1": {
  "count": 799,
  "mean": 1.560341580788394,
  "std": 0.057052683427631576
 },
 "expanded_conv-input:11x11x136-output:6x6x192-expand:408-kernel:5-stride:2-idskip:0-se:1-hs:1": {
  "count": 799,
  "mean": 1.563802678534325,
  "std": 0.051526610539989505
 },
 "expanded_conv-input:11x11x136-output:6x6x192-expand:408-kernel:7-stride:2-idskip:0-se:1-hs:1": {
  "count": 799,
  "mean": 1.5542011833907068,
  "std": 0.040722857803660355
 },
 "expanded_conv-input:11x11x136-output:6x6x192-expand:544-kernel:3-stride:2-idskip:0-se:1-hs:1": {
  "count": 799,
  "mean": 1.8175474842439157,
  "std": 0.04512727523527707
 },
 "expanded_conv-input:11x11x136-output:6x6x192-expand:544-kernel:5-stride:2-idskip:0-se:1-hs:1": {
  "count": 799,
  "mean": 1.8134836261352998,
  "std": 0.05290131726144873
 },
 "expanded_conv-input:11x11x136-output:6x6x192-expand:544-kernel:7-stride:2-idskip:0-se:1-hs:1": {
  "count": 799,
  "mean": 1.8198391672069947,
  "std": 0.05384257094906051
 },
 "expanded_conv-input:11x11x136-output:6x6x192-expand:816-kernel:3-stride:2-idskip:0-se:1-hs:1": {
  "count": 799,
  "mean": 1.5613116668968534,
  "std": 0.06905135001371943
 },
 "expanded_conv-input:11x11x136-output:6x6x192-expand:816-kernel:5-stride:2-idskip:0-se:1-hs:1": {
  "count": 799,
  "mean": 1.568012750790325,
  "std": 0.04612313629475348
 },
 "expanded_conv-input:11x11x136-output:6x6x192-expand:816-kernel:7-stride:2-idskip:0-se:1-hs:1": {
  "count": 799,
  "mean": 1.5614435580257182,
  "std": 0.04238074838300943
 },
 "expanded_conv-input:11x11x96-output:11x11x136-expand:288-kernel:3-stride:1-idskip:0-se:1-hs:1": {
  "count": 799,
  "mean": 1.5619466540512066,
  "std": 0.05192300105792744
 },
 "expanded_conv-input:11x11x96-output:11x11x136-expand:288-kernel:5-stride:1-idskip:0-se:1-hs:1": {
  "count": 799,
  "mean": 1.5666168532771372,
  "std": 0.056600200320167146
 },
 "expanded_conv-input:11x11x96-output:11x11x136-expand:288-kernel:7-stride:1-idskip:0-se:1-hs:1": {
  "count": 799,
  "mean": 1.5569097258719395,
  "std": 0.04043088154707472
 },
 "expanded_conv-input:11x11x96-output:11x11x136-expand:384-kernel:3-stride:1-idskip:0-se:1-hs:1": {
  "count": 799,
  "mean": 1.555860564765405,
  "std": 0.04104521139601204
 },
 "expanded_conv-input:11x11x96-output:11x11x136-expand:384-kernel:5-stride:1-idskip:0-se:1-hs:1": {
  "count": 799,
  "mean": 1.5651609781239,
  "std": 0.04976763118388921
 },
 "expanded_conv-input:11x11x96-output:11x11x136-expand:384-kernel:7-stride:1-idskip:0-se:1-hs:1": {
  "count": 799,
  "mean": 1.5679477004145501,
  "std": 0.051230946562549125
 },
 "expanded_conv-input:11x11x96-output:11x11x136-expand:576-kernel:3-stride:1-idskip:0-se:1-hs:1": {
  "count": 799,
  "mean": 1.5516651139241435,
  "std": 0.04377248394590752
 },
 "expanded_conv-input:11x11x96-output:11x11x136-expand:576-kernel:5-stride:1-idskip:0-se:1-hs:1": {
  "count": 799,
  "mean": 1.5633449387341476,
  "std": 0.04734665906373866
 },
 "expanded_conv-input:11x11x96-output:11x11x136-expand:576-kernel:7-stride:1-idskip:0-se:1-hs:1": {
  "count": 799,
  "mean": 1.5569613484178526,
  "std": 0.03919741147140753
 },
 "expanded_conv-input:11x11x96-output:11x11x96-expand:288-kernel:3-stride:1-idskip:1-se:0-hs:1": {
  "count": 799,
  "mean": 1.0396270489364452,
  "std": 0.044144832616218106
 },
 "expanded_conv-input:11x11x96-output:11x11x96-expand:288-kernel:5-stride:1-idskip:1-se:0-hs:1": {
  "count": 799,
  "mean": 1.0460264542523552,
  "std": 0.04576198010792184
 },
 "expanded_conv-input:11x11x96-output:11x11x96-expand:288-kernel:7-stride:1-idskip:1-se:0-hs:1": {
  "count": 799,
  "mean": 1.0399042590240364,
  "std": 0.035166709712235955
 },
 "expanded_conv-input:11x11x96-output:11x11x96-expand:384-kernel:3-stride:1-idskip:1-se:0-hs:1": {
  "count": 799,
  "mean": 1.0416585303964245,
  "std": 0.034587443474834056
 },
 "expanded_conv-input:11x11x96-output:11x11x96-expand:384-kernel:5-stride:1-idskip:1-se:0-hs:1": {
  "count": 799,
  "mean": 1.0456633060536487,
  "std": 0.042612009158520404
 },
 "expanded_conv-input:11x11x96-output:11x11x96-expand:384-kernel:7-stride:1-idskip:1-se:0-hs:1": {
  "count": 799,
  "mean": 1.0463517061312297,
  "std": 0.041001947496578504
 },
 "expanded_conv-input:11x11x96-output:11x11x96-expand:576-kernel:3-stride:1-idskip:1-se:0-hs:1": {
  "count": 799,
  "mean": 1.0410342855059609,
  "std": 0.0522149747177628
 },
 "expanded_conv-input:11x11x96-output:11x11x96-expand:576-kernel:5-stride:1-idskip:1-se:0-hs:1": {
  "count": 799,
  "mean": 1.0432656924327712,
  "std": 0.03535139907309846
 },
 "expanded_conv-input:11x11x96-output:11x11x96-expand:576-kernel:7-stride:1-idskip:1-se:0-hs:1": {
  "count": 799,
  "mean": 1.0366415947638405,
  "std": 0.028907976445865933
 },
 "expanded_conv-input:22x22x48-output:11x11x96-expand:144-kernel:3-stride:2-idskip:0-se:0-hs:1": {
  "count": 799,
  "mean": 0.9834217338896215,
  "std": 0.03590033924208995
 },
 "expanded_conv-input:22x22x48-output:11x11x96-expand:144-kernel:5-stride:2-idskip:0-se:0-hs:1": {
  "count": 799,
  "mean": 0.9903713818336458,
  "std": 0.04058622403864668
 },
 "expanded_conv-input:22x22x48-output:11x11x96-expand:144-kernel:7-stride:2-idskip:0-se:0-hs:1": {
  "count": 799,
  "mean": 0.982127291090945,
  "std": 0.030860000925765563
 },
 "expanded_conv-input:22x22x48-output:11x11x96-expand:192-kernel:3-stride:2-idskip:0-se:0-hs:1": {
  "count": 799,
  "mean": 0.9851046885656326,
  "std": 0.03326195186087274
 },
 "expanded_conv-input:22x22x48-output:11x11x96-expand:192-kernel:5-stride:2-idskip:0-se:0-hs:1": {
  "count": 799,
  "mean": 0.9882169611313764,
  "std": 0.03868931388993289
 },