{
 "AvgPool2D-input:6x6x1152-output:1x1x1152": {
  "count": 489,
  "mean": 0.01152965235173824,
  "std": 0.0007856328007062806
 },
 "Conv-input:184x184x3-output:92x92x24": {
  "count": 499,
  "mean": 0.6609679358717434,
  "std": 0.015975776187637663
 },
 "Conv_1-input:6x6x192-output:6x6x1152": {
  "count": 499,
  "mean": 0.5336332665330662,
  "std": 0.019437783577659417
 },
 "Conv_2-input:1x1x1152-output:1x1x1536": {
  "count": 499,
  "mean": 0.7559919839679359,
  "std": 0.10061139717922843
 },
 "Logits-input:1x1x1536-output:1000": {
  "count": 499,
  "mean": 0.663627254509018,
  "std": 0.0774843790493974
 },
 "expanded_conv-input:12x12x136-output:12x12x136-expand:408-kernel:3-stride:1-idskip:1-se:1-hs:1": {
  "count": 799,
  "mean": 1.6182253745679414,
  "std": 0.05140472153871267
 },
 "expanded_conv-input:12x12x136-output:12x12x136-expand:408-kernel:5-stride:1-idskip:1-se:1-hs:1": {
  "count": 799,
  "mean": 1.6151351833224148,
  "std": 0.055016910050921165
 },
 "expanded_conv-input:12x12x136-output:12x12x136-expand:408-kernel:7-stride:1-idskip:1-se:1-hs:1": {
  "count": 799,
  "mean": 1.6159602488683669,
  "std": 0.056918363098134424
 },
 "expanded_conv-input:12x12x136-output:12x12x136-expand:544-kernel:3-stride:1-idskip:1-se:1-hs:1": {
  "count": 799,
  "mean": 1.8401897893530854,
  "std": 0.07911671600246674
 },
 "expanded_conv-input:12x12x136-output:12x12x136-expand:544-kernel:5-stride:1-idskip:1-se:1-hs:1": {
  "count": 799,
  "mean": 1.8501926274114615,
  "std": 0.09163517102568064
 },
 "expanded_conv-input:12x12x136-output:12x12x136-expand:544-kernel:7-stride:1-idskip:1-se:1-hs:1": {
  "count": 799,
  "mean": 1.8323467431289233,
  "std": 0.06338736999379481
 },
 "expanded_conv-input:12x12x136-output:12x12x136-expand:816-kernel:3-stride:1-idskip:1-se:1-hs:1": {
  "count": 799,
  "mean": 1.6095757633634145,
  "std": 0.05081801781315684
 },
 "expanded_conv-input:12x12x136-output:12x12x136-expand:816-kernel:5-stride:1-idskip:1-se:1-hs:1": {
  "count": 799,
  "mean": 1.6199447335826889,
  "std": 0.042749993044860574
 },
 "expanded_conv-input:12x12x136-output:12x12x136-expand:816-kernel:7-stride:1-idskip:1-se:1-hs:1": {
  "count": 799,
  "mean": 1.6244532020578397,
  "std": 0.07337633306293502
 },
 "expanded_conv-input:12x12x136-output:6x6x192-expand:408-kernel:3-stride:2-idskip:0-se:1-hs:1": {
  "count": 799,
  "mean": 1.5503408315035518,
  "std": 0.049082495526888974
 },
 "expanded_conv-input:12x12x136-output:6x6x192-expand:408-kernel:5-stride:2-idskip:0-se:1-hs:1": {
  "count": 799,
  "mean": 1.5488786900297125,
  "std": 0.053808915226080285
 },
 "expanded_conv-input:12x12x136-output:6x6x192-expand:408-kernel:7-stride:2-idskip:0-se:1-hs:1": {
  "count": 799,
  "mean": 1.5451332206869304,
  "std": 0.05045809468260901
 },
 "expanded_conv-input:12x12x136-output:6x6x192-expand:544-kernel:3-stride:2-idskip:0-se:1-hs:1": {
  "count": 799,
  "mean": 1.7864459447180374,
  "std": 0.057250969065354526
 },
 "expanded_conv-input:12x12x136-output:6x6x192-expand:544-kernel:5-stride:2-idskip:0-se:1-hs:1": {
  "count": 799,
  "mean": 1.8019324100957497,
  "std": 0.06537559767930405
 },
 "expanded_conv-input:12x12x136-output:6x6x192-expand:544-kernel:7-stride:2-idskip:0-se:1-hs:1": {
  "count": 799,
  "mean": 1.7777265087982292,
  "std": 0.052529198285360186
 },
 "expanded_conv-input:12x12x136-output:6x6x192-expand:816-kernel:3-stride:2-idskip:0-se:1-hs:1": {
  "count": 799,
  "mean": 1.5464157276368409,
  "std": 0.04860083079929879
 },
 "expanded_conv-input:12x12x136-output:6x6x192-expand:816-kernel:5-stride:2-idskip:0-se:1-hs:1": {
  "count": 799,
  "mean": 1.5507284481922288,
  "std": 0.04320531747229109
 },
 "expanded_conv-input:12x12x136-output:6x6x192-expand:816-kernel:7-stride:2-idskip:0-se:1-hs:1": {
  "count": 799,
  "mean": 1.5604409467293712,
  "std": 0.1014172677786592
 },
 "expanded_conv-input:12x12x96-output:12x12x136-expand:288-kernel:3-stride:1-idskip:0-se:1-hs:1": {
  "count": 799,
  "mean": 1.6667266960287273,
  "std": 0.06775001304704954
 },
 "expanded_conv-input:12x12x96-output:12x12x136-expand:288-kernel:5-stride:1-idskip:0-se:1-hs:1": {
  "count": 799,
  "mean": 1.658644037640587,
  "std": 0.060032738163944735
 },
 "expanded_conv-input:12x12x96-output:12x12x136-expand:288-kernel:7-stride:1-idskip:0-se:1-hs:1": {
  "count": 799,
  "mean": 1.6465861448209187,
  "std": 0.05701572866594851
 },
 "expanded_conv-input:12x12x96-output:12x12x136-expand:384-kernel:3-stride:1-idskip:0-se:1-hs:1": {
  "count": 799,
  "mean": 1.5446331086236336,
  "std": 0.04697789427541991
 },
 "expanded_conv-input:12x12x96-output:12x12x136-expand:384-kernel:5-stride:1-idskip:0-se:1-hs:1": {
  "count": 799,
  "mean": 1.5523174080592073,
  "std": 0.06046501574012264
 },
 "expanded_conv-input:12x12x96-output:12x12x136-expand:384-kernel:7-stride:1-idskip:0-se:1-hs:1": {
  "count": 799,
  "mean": 1.540596106174741,
  "std": 0.049263150420988014
 },
 "expanded_conv-input:12x12x96-output:12x12x136-expand:576-kernel:3-stride:1-idskip:0-se:1-hs:1": {
  "count": 799,
  "mean": 1.5517364306205206,
  "std": 0.0524397256164595
 },
 "expanded_conv-input:12x12x96-output:12x12x136-expand:576-kernel:5-stride:1-idskip:0-se:1-hs:1": {
  "count": 799,
  "mean": 1.5493746245459412,
  "std": 0.05251714347822907
 },
 "expanded_conv-input:12x12x96-output:12x12x136-expand:576-kernel:7-stride:1-idskip:0-se:1-hs:1": {
  "count": 799,
  "mean": 1.5559232279714268,
  "std": 0.07350395659776889
 },
 "expanded_conv-input:12x12x96-output:12x12x96-expand:288-kernel:3-stride:1-idskip:1-se:0-hs:1": {
  "count": 799,
  "mean": 1.1451915745741137,
  "std": 0.05597616347018203
 },
 "expanded_conv-input:12x12x96-output:12x12x96-expand:288-kernel:5-stride:1-idskip:1-se:0-hs:1": {
  "count": 799,
  "mean": 1.1438499851728112,
  "std": 0.050831834006541614
 },
 "expanded_conv-input:12x12x96-output:12x12x96-expand:288-kernel:7-stride:1-idskip:1-se:0-hs:1": {
  "count": 799,
  "mean": 1.1383463653067922,
  "std": 0.05074735732509747
 },
 "expanded_conv-input:12x12x96-output:12x12x96-expand:384-kernel:3-stride:1-idskip:1-se:0-hs:1": {
  "count": 799,
  "mean": 1.0328483820259944,
  "std": 0.0417802128507888
 },
 "expanded_conv-input:12x12x96-output:12x12x96-expand:384-kernel:5-stride:1-idskip:1-se:0-hs:1": {
  "count": 799,
  "mean": 1.0337059727598341,
  "std": 0.04386873693494339
 },
 "expanded_conv-input:12x12x96-output:12x12x96-expand:384-kernel:7-stride:1-idskip:1-se:0-hs:1": {
  "count": 799,
  "mean": 1.0326565132570804,
  "std": 0.03808704438495218
 },
 "expanded_conv-input:12x12x96-output:12x12x96-expand:576-kernel:3-stride:1-idskip:1-se:0-hs:1": {
  "count": 799,
  "mean": 1.0378653176585784,
  "std": 0.044442226010231296
 },
 "expanded_conv-input:12x12x96-output:12x12x96-expand:576-kernel:5-stride:1-idskip:1-se:0-hs:1": {
  "count": 799,
  "mean": 1.036344093733347,
  "std": 0.03598253195442428
 },
 "expanded_conv-input:12x12x96-output:12x12x96-expand:576-kernel:7-stride:1-idskip:1-se:0-hs:1": {
  "count": 799,
  "mean": 1.041946482747905,
  "std": 0.06736210595168017
 },
 "expanded_conv-input:23x23x48-output:12x12x96-expand:144-kernel:3-stride:2-idskip:0-se:0-hs:1": {
  "count": 799,
  "mean": 0.97516033616621,
  "std": 0.0377289602195621
 },
 "expanded_conv-input:23x23x48-output:12x12x96-expand:144-kernel:5-stride:2-idskip:0-se:0-hs:1": {
  "count": 799,
  "mean": 0.9768740256527936,
  "std": 0.04274005967138824
 },
 "expanded_conv-input:23x23x48-output:12x12x96-expand:144-kernel:7-stride:2-idskip:0-se:0-hs:1": {
  "count": 799,
  "mean": 0.9741198285500308,
  "std": 0.041405486314487344
 },
 "expanded_conv-input:23x23x48-output:12x12x96-expand:192-kernel:3-stride:2-idskip:0-se:0-hs:1": {
  "count": 799,
  "mean": 0.9742890192062894,
  "std": 0.040586291543518796
 },
 "expanded_conv-input:23x23x48-output:12x12x96-expand:192-kernel:5-stride:2-idskip:0-se:0-hs:1": {
  "count": 799,
  "mean": 0.9811246797945979,
  "std": 0.04420910404435054
 },