{
 "AvgPool2D-input:6x6x1152-output:1x1x1152": {
  "count": 484,
  "mean": 0.01156404958677686,
  "std": 0.0007964467355070455
 },
 "Conv-input:188x188x3-output:94x94x24": {
  "count": 500,
  "mean": 0.689436,
  "std": 0.013493031683057736
 },
 "Conv_1-input:6x6x192-output:6x6x1152": {
  "count": 500,
  "mean": 0.534374,
  "std": 0.019192032826149504
 },
 "Conv_2-input:1x1x1152-output:1x1x1536": {
  "count": 500,
  "mean": 0.7564099999999999,
  "std": 0.10099812820047706
 },
 "Logits-input:1x1x1536-output:1000": {
  "count": 500,
  "mean": 0.662966,
  "std": 0.07701301736719576
 },
 "expanded_conv-input:12x12x136-output:12x12x136-expand:408-kernel:3-stride:1-idskip:1-se:1-hs:1": {
  "count": 799,
  "mean": 1.6153464478455735,
  "std": 0.04705544037051459
 },
 "expanded_conv-input:12x12x136-output:12x12x136-expand:408-kernel:5-stride:1-idskip:1-se:1-hs:1": {
  "count": 799,
  "mean": 1.6162404429181496,
  "std": 0.04275465792190768
 },
 "expanded_conv-input:12x12x136-output:12x12x136-expand:408-kernel:7-stride:1-idskip:1-se:1-hs:1": {
  "count": 799,
  "mean": 1.620008291977368,
  "std": 0.06802821391980843
 },
 "expanded_conv-input:12x12x136-output:12x12x136-expand:544-kernel:3-stride:1-idskip:1-se:1-hs:1": {
  "count": 799,
  "mean": 1.8224653523317416,
  "std": 0.05702652119187785
 },
 "expanded_conv-input:12x12x136-output:12x12x136-expand:544-kernel:5-stride:1-idskip:1-se:1-hs:1": {
  "count": 799,
  "mean": 1.8517860632217273,
  "std": 0.08543900483233927
 },
 "expanded_conv-input:12x12x136-output:12x12x136-expand:544-kernel:7-stride:1-idskip:1-se:1-hs:1": {
  "count": 799,
  "mean": 1.862521463998119,
  "std": 0.07845833138082252
 },
 "expanded_conv-input:12x12x136-output:12x12x136-expand:816-kernel:3-stride:1-idskip:1-se:1-hs:1": {
  "count": 799,
  "mean": 1.607480723508756,
  "std": 0.05413580892423224
 },
 "expanded_conv-input:12x12x136-output:12x12x136-expand:816-kernel:5-stride:1-idskip:1-se:1-hs:1": {
  "count": 799,
  "mean": 1.6201601756529158,
  "std": 0.0433795528667346
 },
 "expanded_conv-input:12x12x136-output:12x12x136-expand:816-kernel:7-stride:1-idskip:1-se:1-hs:1": {
  "count": 799,
  "mean": 1.6223345889018683,
  "std": 0.05064207734135616
 },
 "expanded_conv-input:12x12x136-output:6x6x192-expand:408-kernel:3-stride:2-idskip:0-se:1-hs:1": {
  "count": 799,
  "mean": 1.5480446725971857,
  "std": 0.04338193083231248
 },
 "expanded_conv-input:12x12x136-output:6x6x192-expand:408-kernel:5-stride:2-idskip:0-se:1-hs:1": {
  "count": 799,
  "mean": 1.546811102627216,
  "std": 0.04200876783812669
 },
 "expanded_conv-input:12x12x136-output:6x6x192-expand:408-kernel:7-stride:2-idskip:0-se:1-hs:1": {
  "count": 799,
  "mean": 1.5580564625421365,
  "std": 0.056235566338366
 },
 "expanded_conv-input:12x12x136-output:6x6x192-expand:544-kernel:3-stride:2-idskip:0-se:1-hs:1": {
  "count": 799,
  "mean": 1.7812932388057399,
  "std": 0.05204544294750477
 },
 "expanded_conv-input:12x12x136-output:6x6x192-expand:544-kernel:5-stride:2-idskip:0-se:1-hs:1": {
  "count": 799,
  "mean": 1.7930449771045593,
  "std": 0.07754580832670989
 },
 "expanded_conv-input:12x12x136-output:6x6x192-expand:544-kernel:7-stride:2-idskip:0-se:1-hs:1": {
  "count": 799,
  "mean": 1.8070367758205448,
  "std": 0.060526270805350654
 },
 "expanded_conv-input:12x12x136-output:6x6x192-expand:816-kernel:3-stride:2-idskip:0-se:1-hs:1": {
  "count": 799,
  "mean": 1.5433356818627655,
  "std": 0.05706805572139873
 },
 "expanded_conv-input:12x12x136-output:6x6x192-expand:816-kernel:5-stride:2-idskip:0-se:1-hs:1": {
  "count": 799,
  "mean": 1.5581952167840416,
  "std": 0.04406781261847299
 },
 "expanded_conv-input:12x12x136-output:6x6x192-expand:816-kernel:7-stride:2-idskip:0-se:1-hs:1": {
  "count": 799,
  "mean": 1.5523633610769565,
  "std": 0.05156271282058188
 },
 "expanded_conv-input:12x12x96-output:12x12x136-expand:288-kernel:3-stride:1-idskip:0-se:1-hs:1": {
  "count": 799,
  "mean": 1.6464936419929819,
  "std": 0.04720074544447117
 },
 "expanded_conv-input:12x12x96-output:12x12x136-expand:288-kernel:5-stride:1-idskip:0-se:1-hs:1": {
  "count": 799,
  "mean": 1.6637236364791927,
  "std": 0.04932514673024409
 },
 "expanded_conv-input:12x12x96-output:12x12x136-expand:288-kernel:7-stride:1-idskip:0-se:1-hs:1": {
  "count": 799,
  "mean": 1.663308865734573,
  "std": 0.05590291956721928
 },
 "expanded_conv-input:12x12x96-output:12x12x136-expand:384-kernel:3-stride:1-idskip:0-se:1-hs:1": {
  "count": 799,
  "mean": 1.53527241922887,
  "std": 0.04869277227516217
 },
 "expanded_conv-input:12x12x96-output:12x12x136-expand:384-kernel:5-stride:1-idskip:0-se:1-hs:1": {
  "count": 799,
  "mean": 1.5476922666623685,
  "std": 0.05183003619856341
 },
 "expanded_conv-input:12x12x96-output:12x12x136-expand:384-kernel:7-stride:1-idskip:0-se:1-hs:1": {
  "count": 799,
  "mean": 1.555580072319403,
  "std": 0.0490791555121972
 },
 "expanded_conv-input:12x12x96-output:12x12x136-expand:576-kernel:3-stride:1-idskip:0-se:1-hs:1": {
  "count": 799,
  "mean": 1.5446993525842851,
  "std": 0.06209305193932811
 },
 "expanded_conv-input:12x12x96-output:12x12x136-expand:576-kernel:5-stride:1-idskip:0-se:1-hs:1": {
  "count": 799,
  "mean": 1.5523824584349821,
  "std": 0.04419537999356148
 },
 "expanded_conv-input:12x12x96-output:12x12x136-expand:576-kernel:7-stride:1-idskip:0-se:1-hs:1": {
  "count": 799,
  "mean": 1.554592679230233,
  "std": 0.0483650801818359
 },
 "expanded_conv-input:12x12x96-output:12x12x96-expand:288-kernel:3-stride:1-idskip:1-se:0-hs:1": {
  "count": 799,
  "mean": 1.1381849329522316,
  "std": 0.04367486323760076
 },
 "expanded_conv-input:12x12x96-output:12x12x96-expand:288-kernel:5-stride:1-idskip:1-se:0-hs:1": {
  "count": 799,
  "mean": 1.1445801607210735,
  "std": 0.045180045431071084
 },
 "expanded_conv-input:12x12x96-output:12x12x96-expand:288-kernel:7-stride:1-idskip:1-se:0-hs:1": {
  "count": 799,
  "mean": 1.14541775890823,
  "std": 0.044346556478869446
 },
 "expanded_conv-input:12x12x96-output:12x12x96-expand:384-kernel:3-stride:1-idskip:1-se:0-hs:1": {
  "count": 799,
  "mean": 1.0243757197794239,
  "std": 0.03522489528406078
 },
 "expanded_conv-input:12x12x96-output:12x12x96-expand:384-kernel:5-stride:1-idskip:1-se:0-hs:1": {
  "count": 799,
  "mean": 1.0311373781053832,
  "std": 0.040971237864777243
 },
 "expanded_conv-input:12x12x96-output:12x12x96-expand:384-kernel:7-stride:1-idskip:1-se:0-hs:1": {
  "count": 799,
  "mean": 1.0405732633473728,
  "std": 0.04033062054381668
 },
 "expanded_conv-input:12x12x96-output:12x12x96-expand:576-kernel:3-stride:1-idskip:1-se:0-hs:1": {
  "count": 799,
  "mean": 1.0245267082663143,
  "std": 0.03689615214953808
 },
 "expanded_conv-input:12x12x96-output:12x12x96-expand:576-kernel:5-stride:1-idskip:1-se:0-hs:1": {
  "count": 799,
  "mean": 1.0399287275140068,
  "std": 0.0351730765639336
 },
 "expanded_conv-input:12x12x96-output:12x12x96-expand:576-kernel:7-stride:1-idskip:1-se:0-hs:1": {
  "count": 799,
  "mean": 1.041339246441933,
  "std": 0.04505638333890821
 },
 "expanded_conv-input:24x24x48-output:12x12x96-expand:144-kernel:3-stride:2-idskip:0-se:0-hs:1": {
  "count": 799,
  "mean": 0.9735478029979185,
  "std": 0.033857681439749716
 },
 "expanded_conv-input:24x24x48-output:12x12x96-expand:144-kernel:5-stride:2-idskip:0-se:0-hs:1": {
  "count": 799,
  "mean": 0.9752531373903659,
  "std": 0.03358665279628182
 },
 "expanded_conv-input:24x24x48-output:12x12x96-expand:144-kernel:7-stride:2-idskip:0-se:0-hs:1": {
  "count": 799,
  "mean": 0.9836118122812206,
  "std": 0.03990938678539021
 },
 "expanded_conv-input:24x24x48-output:12x12x96-expand:192-kernel:3-stride:2-idskip:0-se:0-hs:1": {
  "count": 799,
  "mean": 0.9746605224991323,
  "std": 0.03466417816479256
 },
 "expanded_conv-input:24x24x48-output:12x12x96-expand:192-kernel:5-stride:2-idskip:0-se:0-hs:1": {
  "count": 799,
  "mean": 0.9776671628032966,
  "std": 0.037141572451522276
 },