{
 "AvgPool2D-input:7x7x1152-output:1x1x1152": {
  "count": 492,
  "mean": 0.015221544715447158,
  "std": 0.0009226724462790034
 },
 "Conv-input:220x220x3-output:110x110x24": {
  "count": 500,
  "mean": 0.964928,
  "std": 0.01654287810509406
 },
 "Conv_1-input:7x7x192-output:7x7x1152": {
  "count": 500,
  "mean": 0.6944380000000001,
  "std": 0.0198727490800845
 },
 "Conv_2-input:1x1x1152-output:1x1x1536": {
  "count": 500,
  "mean": 0.760846,
  "std": 0.10173271982995441
 },
 "Logits-input:1x1x1536-output:1000": {
  "count": 500,
  "mean": 0.6681520000000001,
  "std": 0.07810447423803579
 },
 "expanded_conv-input:110x110x24-output:110x110x24-expand:24-kernel:3-stride:1-idskip:1-se:0-hs:0": {
  "count": 500,
  "mean": 1.697372,
  "std": 0.026445446035187233
 },
 "expanded_conv-input:110x110x24-output:55x55x32-expand:144-kernel:3-stride:2-idskip:0-se:0-hs:0": {
  "count": 799,
  "mean": 0.7186380584487628,
  "std": 0.03211113590336569
 },
 "expanded_conv-input:110x110x24-output:55x55x32-expand:144-kernel:5-stride:2-idskip:0-se:0-hs:0": {
  "count": 799,
  "mean": 0.7232405217329462,
  "std": 0.03268069201303551
 },
 "expanded_conv-input:110x110x24-output:55x55x32-expand:144-kernel:7-stride:2-idskip:0-se:0-hs:0": {
  "count": 799,
  "mean": 0.7238969934150782,
  "std": 0.03177255278446687
 },
 "expanded_conv-input:110x110x24-output:55x55x32-expand:72-kernel:3-stride:2-idskip:0-se:0-hs:0": {
  "count": 799,
  "mean": 0.7249765909359661,
  "std": 0.03783324546361816
 },
 "expanded_conv-input:110x110x24-output:55x55x32-expand:72-kernel:5-stride:2-idskip:0-se:0-hs:0": {
  "count": 799,
  "mean": 0.7198295545518324,
  "std": 0.030505481303202964
 },
 "expanded_conv-input:110x110x24-output:55x55x32-expand:72-kernel:7-stride:2-idskip:0-se:0-hs:0": {
  "count": 799,
  "mean": 0.724416799628839,
  "std": 0.03242524398760156
 },
 "expanded_conv-input:110x110x24-output:55x55x32-expand:96-kernel:3-stride:2-idskip:0-se:0-hs:0": {
  "count": 799,
  "mean": 0.7246438791516129,
  "std": 0.029588347282238477
 },
 "expanded_conv-input:110x110x24-output:55x55x32-expand:96-kernel:5-stride:2-idskip:0-se:0-hs:0": {
  "count": 799,
  "mean": 0.7283789046267246,
  "std": 0.036691853221918966
 },
 "expanded_conv-input:110x110x24-output:55x55x32-expand:96-kernel:7-stride:2-idskip:0-se:0-hs:0": {
  "count": 799,
  "mean": 0.7229466014570826,
  "std": 0.03142773436929388
 },
 "expanded_conv-input:14x14x136-output:14x14x136-expand:408-kernel:3-stride:1-idskip:1-se:1-hs:1": {
  "count": 799,
  "mean": 1.6086385008390616,
  "std": 0.05057121851249895
 },
 "expanded_conv-input:14x14x136-output:14x14x136-expand:408-kernel:5-stride:1-idskip:1-se:1-hs:1": {
  "count": 799,
  "mean": 1.5948436436277158,
  "std": 0.03832271427111694
 },
 "expanded_conv-input:14x14x136-output:14x14x136-expand:408-kernel:7-stride:1-idskip:1-se:1-hs:1": {
  "count": 799,
  "mean": 1.6260099351331498,
  "std": 0.059721135637103635
 },
 "expanded_conv-input:14x14x136-output:14x14x136-expand:544-kernel:3-stride:1-idskip:1-se:1-hs:1": {
  "count": 799,
  "mean": 1.834570391754036,
  "std": 0.045816155814533494
 },
 "expanded_conv-input:14x14x136-output:14x14x136-expand:544-kernel:5-stride:1-idskip:1-se:1-hs:1": {
  "count": 799,
  "mean": 1.8307947843931196,
  "std": 0.056572657509891995
 },
 "expanded_conv-input:14x14x136-output:14x14x136-expand:544-kernel:7-stride:1-idskip:1-se:1-hs:1": {
  "count": 799,
  "mean": 1.8183379358284464,
  "std": 0.05090206545344557
 },
 "expanded_conv-input:14x14x136-output:14x14x136-expand:816-kernel:3-stride:1-idskip:1-se:1-hs:1": {
  "count": 799,
  "mean": 1.619391506992383,
  "std": 0.057686394545612
 },
 "expanded_conv-input:14x14x136-output:14x14x136-expand:816-kernel:5-stride:1-idskip:1-se:1-hs:1": {
  "count": 799,
  "mean": 1.6220839360777815,
  "std": 0.04827160973544365
 },
 "expanded_conv-input:14x14x136-output:14x14x136-expand:816-kernel:7-stride:1-idskip:1-se:1-hs:1": {
  "count": 799,
  "mean": 1.6304136665353788,
  "std": 0.041060257799369844
 },
 "expanded_conv-input:14x14x136-output:7x7x192-expand:408-kernel:3-stride:2-idskip:0-se:1-hs:1": {
  "count": 799,
  "mean": 1.5455984203925868,
  "std": 0.04891429659827462
 },
 "expanded_conv-input:14x14x136-output:7x7x192-expand:408-kernel:5-stride:2-idskip:0-se:1-hs:1": {
  "count": 799,
  "mean": 1.5359670856270533,
  "std": 0.04216568876442391
 },
 "expanded_conv-input:14x14x136-output:7x7x192-expand:408-kernel:7-stride:2-idskip:0-se:1-hs:1": {
  "count": 799,
  "mean": 1.5617783585836056,
  "std": 0.050167745940096764
 },
 "expanded_conv-input:14x14x136-output:7x7x192-expand:544-kernel:3-stride:2-idskip:0-se:1-hs:1": {
  "count": 799,
  "mean": 1.7675920780072074,
  "std": 0.04086124536640385
 },
 "expanded_conv-input:14x14x136-output:7x7x192-expand:544-kernel:5-stride:2-idskip:0-se:1-hs:1": {
  "count": 799,
  "mean": 1.7755559747001257,
  "std": 0.05418648358036222
 },
 "expanded_conv-input:14x14x136-output:7x7x192-expand:544-kernel:7-stride:2-idskip:0-se:1-hs:1": {
  "count": 799,
  "mean": 1.7550364602939954,
  "std": 0.05020167399242805
 },
 "expanded_conv-input:14x14x136-output:7x7x192-expand:816-kernel:3-stride:2-idskip:0-se:1-hs:1": {
  "count": 799,
  "mean": 1.5542262486731155,
  "std": 0.04471903077007042
 },
 "expanded_conv-input:14x14x136-output:7x7x192-expand:816-kernel:5-stride:2-idskip:0-se:1-hs:1": {
  "count": 799,
  "mean": 1.5549164391280115,
  "std": 0.046687646593396644
 },
 "expanded_conv-input:14x14x136-output:7x7x192-expand:816-kernel:7-stride:2-idskip:0-se:1-hs:1": {
  "count": 799,
  "mean": 1.5548278154509239,
  "std": 0.03844121532954882
 },
 "expanded_conv-input:14x14x96-output:14x14x136-expand:288-kernel:3-stride:1-idskip:0-se:1-hs:1": {
  "count": 799,
  "mean": 1.5472810766723786,
  "std": 0.055088862930617315
 },
 "expanded_conv-input:14x14x96-output:14x14x136-expand:288-kernel:5-stride:1-idskip:0-se:1-hs:1": {
  "count": 799,
  "mean": 1.5286241514661882,
  "std": 0.037078951183712634
 },
 "expanded_conv-input:14x14x96-output:14x14x136-expand:288-kernel:7-stride:1-idskip:0-se:1-hs:1": {
  "count": 799,
  "mean": 1.556271754755395,
  "std": 0.04856083317778814
 },
 "expanded_conv-input:14x14x96-output:14x14x136-expand:384-kernel:3-stride:1-idskip:0-se:1-hs:1": {
  "count": 799,
  "mean": 1.5479805174100683,
  "std": 0.03672520616187211
 },
 "expanded_conv-input:14x14x96-output:14x14x136-expand:384-kernel:5-stride:1-idskip:0-se:1-hs:1": {
  "count": 799,
  "mean": 1.5455999123736823,
  "std": 0.04820920281851532
 },
 "expanded_conv-input:14x14x96-output:14x14x136-expand:384-kernel:7-stride:1-idskip:0-se:1-hs:1": {
  "count": 799,
  "mean": 1.5382832370801025,
  "std": 0.041501816773050024
 },
 "expanded_conv-input:14x14x96-output:14x14x136-expand:576-kernel:3-stride:1-idskip:0-se:1-hs:1": {
  "count": 799,
  "mean": 1.5481929755181036,
  "std": 0.04930742027916321
 },
 "expanded_conv-input:14x14x96-output:14x14x136-expand:576-kernel:5-stride:1-idskip:0-se:1-hs:1": {
  "count": 799,
  "mean": 1.551794617883255,
  "std": 0.051183724114557114
 },
 "expanded_conv-input:14x14x96-output:14x14x136-expand:576-kernel:7-stride:1-idskip:0-se:1-hs:1": {
  "count": 799,
  "mean": 1.5585470259264205,
  "std": 0.045511016775100964
 },
 "expanded_conv-input:14x14x96-output:14x14x96-expand:288-kernel:3-stride:1-idskip:1-se:0-hs:1": {
  "count": 799,
  "mean": 1.034467181514888,
  "std": 0.03829716237286823
 },
 "expanded_conv-input:14x14x96-output:14x14x96-expand:288-kernel:5-stride:1-idskip:1-se:0-hs:1": {
  "count": 799,
  "mean": 1.02243375718519,
  "std": 0.031045517621055375
 },
 "expanded_conv-input:14x14x96-output:14x14x96-expand:288-kernel:7-stride:1-idskip:1-se:0-hs:1": {
  "count": 799,
  "mean": 1.036677999102577,
  "std": 0.035279396211299156
 },
 "expanded_conv-input:14x14x96-output:14x14x96-expand:384-kernel:3-stride:1-idskip:1-se:0-hs:1": {
  "count": 799,
  "mean": 1.036871956645025,
  "std": 0.031998226993084085
 },