{
 "AvgPool2D-input:6x6x1152-output:1x1x1152": {
  "count": 489,
  "mean": 0.011378323108384459,
  "std": 0.0007221449318204326
 },
 "Conv-input:168x168x3-output:84x84x24": {
  "count": 500,
  "mean": 0.5448540000000001,
  "std": 0.009957744925433675
 },
 "Conv_1-input:6x6x192-output:6x6x1152": {
  "count": 500,
  "mean": 0.5310999999999999,
  "std": 0.019356600941280992
 },
 "Conv_2-input:1x1x1152-output:1x1x1536": {
  "count": 500,
  "mean": 0.751952,
  "std": 0.10055359613658776
 },
 "Logits-input:1x1x1536-output:1000": {
  "count": 500,
  "mean": 0.65935,
  "std": 0.0768954582533975
 },
 "expanded_conv-input:11x11x136-output:11x11x136-expand:408-kernel:3-stride:1-idskip:1-se:1-hs:1": {
  "count": 799,
  "mean": 1.6304808056846876,
  "std": 0.062033568509120784
 },
 "expanded_conv-input:11x11x136-output:11x11x136-expand:408-kernel:5-stride:1-idskip:1-se:1-hs:1": {
  "count": 799,
  "mean": 1.6287163888408485,
  "std": 0.04480639009923841
 },
 "expanded_conv-input:11x11x136-output:11x11x136-expand:408-kernel:7-stride:1-idskip:1-se:1-hs:1": {
  "count": 799,
  "mean": 1.6328357486462264,
  "std": 0.053329062886671004
 },
 "expanded_conv-input:11x11x136-output:11x11x136-expand:544-kernel:3-stride:1-idskip:1-se:1-hs:1": {
  "count": 799,
  "mean": 1.8843288564861045,
  "std": 0.05611962170987697
 },
 "expanded_conv-input:11x11x136-output:11x11x136-expand:544-kernel:5-stride:1-idskip:1-se:1-hs:1": {
  "count": 799,
  "mean": 1.8880898424322823,
  "std": 0.05075629412536964
 },
 "expanded_conv-input:11x11x136-output:11x11x136-expand:544-kernel:7-stride:1-idskip:1-se:1-hs:1": {
  "count": 799,
  "mean": 1.8721390725375713,
  "std": 0.05003080572850578
 },
 "expanded_conv-input:11x11x136-output:11x11x136-expand:816-kernel:3-stride:1-idskip:1-se:1-hs:1": {
  "count": 799,
  "mean": 1.629827019568528,
  "std": 0.052507460802785316
 },
 "expanded_conv-input:11x11x136-output:11x11x136-expand:816-kernel:5-stride:1-idskip:1-se:1-hs:1": {
  "count": 799,
  "mean": 1.6360235154554155,
  "std": 0.04247146176946786
 },
 "expanded_conv-input:11x11x136-output:11x11x136-expand:816-kernel:7-stride:1-idskip:1-se:1-hs:1": {
  "count": 799,
  "mean": 1.616466627252266,
  "std": 0.037449860706709165
 },
 "expanded_conv-input:11x11x136-output:6x6x192-expand:408-kernel:3-stride:2-idskip:0-se:1-hs:1": {
  "count": 799,
  "mean": 1.5665801505421817,
  "std": 0.056750156933063255
 },
 "expanded_conv-input:11x11x136-output:6x6x192-expand:408-kernel:5-stride:2-idskip:0-se:1-hs:1": {
  "count": 799,
  "mean": 1.5617013723590645,
  "std": 0.0448724148764881
 },
 "expanded_conv-input:11x11x136-output:6x6x192-expand:408-kernel:7-stride:2-idskip:0-se:1-hs:1": {
  "count": 799,
  "mean": 1.5648676546404747,
  "std": 0.05132344285089786
 },
 "expanded_conv-input:11x11x136-output:6x6x192-expand:544-kernel:3-stride:2-idskip:0-se:1-hs:1": {
  "count": 799,
  "mean": 1.8075228632615414,
  "std": 0.053480698452381736
 },
 "expanded_conv-input:11x11x136-output:6x6x192-expand:544-kernel:5-stride:2-idskip:0-se:1-hs:1": {
  "count": 799,
  "mean": 1.815496905425911,
  "std": 0.05685604684141951
 },
 "expanded_conv-input:11x11x136-output:6x6x192-expand:544-kernel:7-stride:2-idskip:0-se:1-hs:1": {
  "count": 799,
  "mean": 1.8004786237160464,
  "std": 0.04076171755930651
 },
 "expanded_conv-input:11x11x136-output:6x6x192-expand:816-kernel:3-stride:2-idskip:0-se:1-hs:1": {
  "count": 799,
  "mean": 1.5660630298943932,
  "std": 0.04865856885809994
 },
 "expanded_conv-input:11x11x136-output:6x6x192-expand:816-kernel:5-stride:2-idskip:0-se:1-hs:1": {
  "count": 799,
  "mean": 1.5672682522235435,
  "std": 0.04550323145671075
 },
 "expanded_conv-input:11x11x136-output:6x6x192-expand:816-kernel:7-stride:2-idskip:0-se:1-hs:1": {
  "count": 799,
  "mean": 1.5494178919977182,
  "std": 0.039877225588864564
 },
 "expanded_conv-input:11x11x96-output:11x11x136-expand:288-kernel:3-stride:1-idskip:0-se:1-hs:1": {
  "count": 799,
  "mean": 1.5682296848416477,
  "std": 0.05820161706152862
 },
 "expanded_conv-input:11x11x96-output:11x11x136-expand:288-kernel:5-stride:1-idskip:0-se:1-hs:1": {
  "count": 799,
  "mean": 1.562665192146922,
  "std": 0.04455705645296766
 },
 "expanded_conv-input:11x11x96-output:11x11x136-expand:288-kernel:7-stride:1-idskip:0-se:1-hs:1": {
  "count": 799,
  "mean": 1.5668633285541558,
  "std": 0.05225735414153454
 },
 "expanded_conv-input:11x11x96-output:11x11x136-expand:384-kernel:3-stride:1-idskip:0-se:1-hs:1": {
  "count": 799,
  "mean": 1.570100927531943,
  "std": 0.04882620789000138
 },
 "expanded_conv-input:11x11x96-output:11x11x136-expand:384-kernel:5-stride:1-idskip:0-se:1-hs:1": {
  "count": 799,
  "mean": 1.5675550109901475,
  "std": 0.0485102261439447
 },
 "expanded_conv-input:11x11x96-output:11x11x136-expand:384-kernel:7-stride:1-idskip:0-se:1-hs:1": {
  "count": 799,
  "mean": 1.5498532520814592,
  "std": 0.04265707208441144
 },
 "expanded_conv-input:11x11x96-output:11x11x136-expand:576-kernel:3-stride:1-idskip:0-se:1-hs:1": {
  "count": 799,
  "mean": 1.5653728394394972,
  "std": 0.038091596634734
 },
 "expanded_conv-input:11x11x96-output:11x11x136-expand:576-kernel:5-stride:1-idskip:0-se:1-hs:1": {
  "count": 799,
  "mean": 1.5691603826491793,
  "std": 0.04003031161040033
 },
 "expanded_conv-input:11x11x96-output:11x11x136-expand:576-kernel:7-stride:1-idskip:0-se:1-hs:1": {
  "count": 799,
  "mean": 1.5471226282800095,
  "std": 0.04173074006156041
 },
 "expanded_conv-input:11x11x96-output:11x11x96-expand:288-kernel:3-stride:1-idskip:1-se:0-hs:1": {
  "count": 799,
  "mean": 1.0491470819122353,
  "std": 0.04716893170786139
 },
 "expanded_conv-input:11x11x96-output:11x11x96-expand:288-kernel:5-stride:1-idskip:1-se:0-hs:1": {
  "count": 799,
  "mean": 1.046550139616965,
  "std": 0.03523712390785852
 },
 "expanded_conv-input:11x11x96-output:11x11x96-expand:288-kernel:7-stride:1-idskip:1-se:0-hs:1": {
  "count": 799,
  "mean": 1.0462007176443393,
  "std": 0.04139915721149007
 },
 "expanded_conv-input:11x11x96-output:11x11x96-expand:384-kernel:3-stride:1-idskip:1-se:0-hs:1": {
  "count": 799,
  "mean": 1.0497000101063219,
  "std": 0.039963140355769526
 },
 "expanded_conv-input:11x11x96-output:11x11x96-expand:384-kernel:5-stride:1-idskip:1-se:0-hs:1": {
  "count": 799,
  "mean": 1.0480513709955133,
  "std": 0.03875551329419095
 },
 "expanded_conv-input:11x11x96-output:11x11x96-expand:384-kernel:7-stride:1-idskip:1-se:0-hs:1": {
  "count": 799,
  "mean": 1.0364804608054992,
  "std": 0.03148282915944463
 },
 "expanded_conv-input:11x11x96-output:11x11x96-expand:576-kernel:3-stride:1-idskip:1-se:0-hs:1": {
  "count": 799,
  "mean": 1.046621157917123,
  "std": 0.029978360378063056
 },
 "expanded_conv-input:11x11x96-output:11x11x96-expand:576-kernel:5-stride:1-idskip:1-se:0-hs:1": {
  "count": 799,
  "mean": 1.051100681959016,
  "std": 0.034805381390840856
 },
 "expanded_conv-input:11x11x96-output:11x11x96-expand:576-kernel:7-stride:1-idskip:1-se:0-hs:1": {
  "count": 799,
  "mean": 1.032100004308364,
  "std": 0.030512787365176177
 },
 "expanded_conv-input:21x21x48-output:11x11x96-expand:144-kernel:3-stride:2-idskip:0-se:0-hs:1": {
  "count": 799,
  "mean": 1.0220130185161873,
  "std": 0.04200700975166961
 },
 "expanded_conv-input:21x21x48-output:11x11x96-expand:144-kernel:5-stride:2-idskip:0-se:0-hs:1": {
  "count": 799,
  "mean": 1.021575569658912,
  "std": 0.03927109688121998
 },
 "expanded_conv-input:21x21x48-output:11x11x96-expand:144-kernel:7-stride:2-idskip:0-se:0-hs:1": {
  "count": 799,
  "mean": 1.0277195478112289,
  "std": 0.045038226252835684
 },
 "expanded_conv-input:21x21x48-output:11x11x96-expand:192-kernel:3-stride:2-idskip:0-se:0-hs:1": {
  "count": 799,
  "mean": 0.9930232290332398,
  "std": 0.03863543413177491
 },
 "expanded_conv-input:21x21x48-output:11x11x96-expand:192-kernel:5-stride:2-idskip:0-se:0-hs:1": {
  "count": 799,
  "mean": 0.9880295683057496,
  "std": 0.032971701963658354
 },