{
 "AvgPool2D-input:6x6x1152-output:1x1x1152": {
  "count": 493,
  "mean": 0.011612576064908722,
  "std": 0.0008292351230167207
 },
 "Conv-input:192x192x3-output:96x96x24": {
  "count": 499,
  "mean": 0.7238637274549099,
  "std": 0.013731517617730367
 },
 "Conv_1-input:6x6x192-output:6x6x1152": {
  "count": 499,
  "mean": 0.5357414829659319,
  "std": 0.0186740660835662
 },
 "Conv_2-input:1x1x1152-output:1x1x1536": {
  "count": 500,
  "mean": 0.75703,
  "std": 0.10089555540260434
 },
 "Logits-input:1x1x1536-output:1000": {
  "count": 500,
  "mean": 0.664778,
  "std": 0.07766160387218382
 },
 "expanded_conv-input:12x12x136-output:12x12x136-expand:408-kernel:3-stride:1-idskip:1-se:1-hs:1": {
  "count": 799,
  "mean": 1.6302268705021903,
  "std": 0.05134389623446058
 },
 "expanded_conv-input:12x12x136-output:12x12x136-expand:408-kernel:5-stride:1-idskip:1-se:1-hs:1": {
  "count": 799,
  "mean": 1.6114034402057136,
  "std": 0.05263053573794305
 },
 "expanded_conv-input:12x12x136-output:12x12x136-expand:408-kernel:7-stride:1-idskip:1-se:1-hs:1": {
  "count": 799,
  "mean": 1.617404188172838,
  "std": 0.04304256869308743
 },
 "expanded_conv-input:12x12x136-output:12x12x136-expand:544-kernel:3-stride:1-idskip:1-se:1-hs:1": {
  "count": 799,
  "mean": 1.843996131524574,
  "std": 0.05911588211751815
 },
 "expanded_conv-input:12x12x136-output:12x12x136-expand:544-kernel:5-stride:1-idskip:1-se:1-hs:1": {
  "count": 799,
  "mean": 1.8364234322749629,
  "std": 0.06860178920779841
 },
 "expanded_conv-input:12x12x136-output:12x12x136-expand:544-kernel:7-stride:1-idskip:1-se:1-hs:1": {
  "count": 799,
  "mean": 1.8582147113671141,
  "std": 0.04848072154553208
 },
 "expanded_conv-input:12x12x136-output:12x12x136-expand:816-kernel:3-stride:1-idskip:1-se:1-hs:1": {
  "count": 799,
  "mean": 1.6132427545005599,
  "std": 0.054602396103700684
 },
 "expanded_conv-input:12x12x136-output:12x12x136-expand:816-kernel:5-stride:1-idskip:1-se:1-hs:1": {
  "count": 799,
  "mean": 1.6186687913495996,
  "std": 0.05307682893082245
 },
 "expanded_conv-input:12x12x136-output:12x12x136-expand:816-kernel:7-stride:1-idskip:1-se:1-hs:1": {
  "count": 799,
  "mean": 1.6062895258019056,
  "std": 0.03997641581523811
 },
 "expanded_conv-input:12x12x136-output:6x6x192-expand:408-kernel:3-stride:2-idskip:0-se:1-hs:1": {
  "count": 799,
  "mean": 1.5600724273987199,
  "std": 0.056824045541068166
 },
 "expanded_conv-input:12x12x136-output:6x6x192-expand:408-kernel:5-stride:2-idskip:0-se:1-hs:1": {
  "count": 799,
  "mean": 1.5435597774233478,
  "std": 0.05522109486262283
 },
 "expanded_conv-input:12x12x136-output:6x6x192-expand:408-kernel:7-stride:2-idskip:0-se:1-hs:1": {
  "count": 799,
  "mean": 1.554525838477143,
  "std": 0.052306772002215014
 },
 "expanded_conv-input:12x12x136-output:6x6x192-expand:544-kernel:3-stride:2-idskip:0-se:1-hs:1": {
  "count": 799,
  "mean": 1.7934958537916965,
  "std": 0.06002988155732531
 },
 "expanded_conv-input:12x12x136-output:6x6x192-expand:544-kernel:5-stride:2-idskip:0-se:1-hs:1": {
  "count": 799,
  "mean": 1.7818205049249796,
  "std": 0.05787738680816065
 },
 "expanded_conv-input:12x12x136-output:6x6x192-expand:544-kernel:7-stride:2-idskip:0-se:1-hs:1": {
  "count": 799,
  "mean": 1.7948508710228606,
  "std": 0.04327616164560503
 },
 "expanded_conv-input:12x12x136-output:6x6x192-expand:816-kernel:3-stride:2-idskip:0-se:1-hs:1": {
  "count": 799,
  "mean": 1.5451633587050646,
  "std": 0.0449396349703183
 },
 "expanded_conv-input:12x12x136-output:6x6x192-expand:816-kernel:5-stride:2-idskip:0-se:1-hs:1": {
  "count": 799,
  "mean": 1.5541236003737278,
  "std": 0.051946702360006765
 },
 "expanded_conv-input:12x12x136-output:6x6x192-expand:816-kernel:7-stride:2-idskip:0-se:1-hs:1": {
  "count": 799,
  "mean": 1.539814904873004,
  "std": 0.039067263194781134
 },
 "expanded_conv-input:12x12x96-output:12x12x136-expand:288-kernel:3-stride:1-idskip:0-se:1-hs:1": {
  "count": 799,
  "mean": 1.6803302812635974,
  "std": 0.062094747605336495
 },
 "expanded_conv-input:12x12x96-output:12x12x136-expand:288-kernel:5-stride:1-idskip:0-se:1-hs:1": {
  "count": 799,
  "mean": 1.649626205501628,
  "std": 0.05679069755181211
 },
 "expanded_conv-input:12x12x96-output:12x12x136-expand:288-kernel:7-stride:1-idskip:0-se:1-hs:1": {
  "count": 799,
  "mean": 1.6699589238745698,
  "std": 0.058875146157207896
 },
 "expanded_conv-input:12x12x96-output:12x12x136-expand:384-kernel:3-stride:1-idskip:0-se:1-hs:1": {
  "count": 799,
  "mean": 1.5471548550716778,
  "std": 0.04570857235482561
 },
 "expanded_conv-input:12x12x96-output:12x12x136-expand:384-kernel:5-stride:1-idskip:0-se:1-hs:1": {
  "count": 799,
  "mean": 1.5429068864958457,
  "std": 0.05134444580990279
 },
 "expanded_conv-input:12x12x96-output:12x12x136-expand:384-kernel:7-stride:1-idskip:0-se:1-hs:1": {
  "count": 799,
  "mean": 1.5493811892627625,
  "std": 0.03915297428052671
 },
 "expanded_conv-input:12x12x96-output:12x12x136-expand:576-kernel:3-stride:1-idskip:0-se:1-hs:1": {
  "count": 799,
  "mean": 1.5432986807315907,
  "std": 0.04781269602539734
 },
 "expanded_conv-input:12x12x96-output:12x12x136-expand:576-kernel:5-stride:1-idskip:0-se:1-hs:1": {
  "count": 799,
  "mean": 1.5542572818799072,
  "std": 0.05391565486359144
 },
 "expanded_conv-input:12x12x96-output:12x12x136-expand:576-kernel:7-stride:1-idskip:0-se:1-hs:1": {
  "count": 799,
  "mean": 1.5376515322841602,
  "std": 0.03864213275438633
 },
 "expanded_conv-input:12x12x96-output:12x12x96-expand:288-kernel:3-stride:1-idskip:1-se:0-hs:1": {
  "count": 799,
  "mean": 1.156952563155727,
  "std": 0.051083291245133416
 },
 "expanded_conv-input:12x12x96-output:12x12x96-expand:288-kernel:5-stride:1-idskip:1-se:0-hs:1": {
  "count": 799,
  "mean": 1.1365992554436637,
  "std": 0.04803493784727097
 },
 "expanded_conv-input:12x12x96-output:12x12x96-expand:288-kernel:7-stride:1-idskip:1-se:0-hs:1": {
  "count": 799,
  "mean": 1.145276915892791,
  "std": 0.04708232093243767
 },
 "expanded_conv-input:12x12x96-output:12x12x96-expand:384-kernel:3-stride:1-idskip:1-se:0-hs:1": {
  "count": 799,
  "mean": 1.0359657273274638,
  "std": 0.03349700861975677
 },
 "expanded_conv-input:12x12x96-output:12x12x96-expand:384-kernel:5-stride:1-idskip:1-se:0-hs:1": {
  "count": 799,
  "mean": 1.0290838153251867,
  "std": 0.03708161716396366
 },
 "expanded_conv-input:12x12x96-output:12x12x96-expand:384-kernel:7-stride:1-idskip:1-se:0-hs:1": {
  "count": 799,
  "mean": 1.033391463144849,
  "std": 0.030344004946889967
 },
 "expanded_conv-input:12x12x96-output:12x12x96-expand:576-kernel:3-stride:1-idskip:1-se:0-hs:1": {
  "count": 799,
  "mean": 1.0310030998067652,
  "std": 0.04141774690067303
 },
 "expanded_conv-input:12x12x96-output:12x12x96-expand:576-kernel:5-stride:1-idskip:1-se:0-hs:1": {
  "count": 799,
  "mean": 1.0354739703583031,
  "std": 0.040321619345736304
 },
 "expanded_conv-input:12x12x96-output:12x12x96-expand:576-kernel:7-stride:1-idskip:1-se:0-hs:1": {
  "count": 799,
  "mean": 1.0268649410395807,
  "std": 0.03028942520664107
 },
 "expanded_conv-input:24x24x48-output:12x12x96-expand:144-kernel:3-stride:2-idskip:0-se:0-hs:1": {
  "count": 799,
  "mean": 0.9840662697229875,
  "std": 0.04421499329711219
 },
 "expanded_conv-input:24x24x48-output:12x12x96-expand:144-kernel:5-stride:2-idskip:0-se:0-hs:1": {
  "count": 799,
  "mean": 0.9712573136197163,
  "std": 0.033440355058035165
 },
 "expanded_conv-input:24x24x48-output:12x12x96-expand:144-kernel:7-stride:2-idskip:0-se:0-hs:1": {
  "count": 799,
  "mean": 0.9760829772758245,
  "std": 0.03414061025468725
 },
 "expanded_conv-input:24x24x48-output:12x12x96-expand:192-kernel:3-stride:2-idskip:0-se:0-hs:1": {
  "count": 799,
  "mean": 0.9756852151156964,
  "std": 0.04284422554709487
 },
 "expanded_conv-input:24x24x48-output:12x12x96-expand:192-kernel:5-stride:2-idskip:0-se:0-hs:1": {
  "count": 799,
  "mean": 0.9725651842482547,
  "std": 0.03352305036137269
 },