{
 "AvgPool2D-input:7x7x1152-output:1x1x1152": {
  "count": 494,
  "mean": 0.01511943319838057,
  "std": 0.0009042784509168647
 },
 "Conv-input:196x196x3-output:98x98x24": {
  "count": 500,
  "mean": 0.7593479999999999,
  "std": 0.015204042094127446
 },
 "Conv_1-input:7x7x192-output:7x7x1152": {
  "count": 500,
  "mean": 0.6931620000000001,
  "std": 0.020606692019826938
 },
 "Conv_2-input:1x1x1152-output:1x1x1536": {
  "count": 500,
  "mean": 0.760744,
  "std": 0.10147142683534119
 },
 "Logits-input:1x1x1536-output:1000": {
  "count": 500,
  "mean": 0.6685039999999999,
  "std": 0.07786260966600077
 },
 "expanded_conv-input:13x13x136-output:13x13x136-expand:408-kernel:3-stride:1-idskip:1-se:1-hs:1": {
  "count": 799,
  "mean": 1.609519366477995,
  "std": 0.05398363486298817
 },
 "expanded_conv-input:13x13x136-output:13x13x136-expand:408-kernel:5-stride:1-idskip:1-se:1-hs:1": {
  "count": 799,
  "mean": 1.6159650232078733,
  "std": 0.05315139707430295
 },
 "expanded_conv-input:13x13x136-output:13x13x136-expand:408-kernel:7-stride:1-idskip:1-se:1-hs:1": {
  "count": 799,
  "mean": 1.6141621132517636,
  "std": 0.05280553864775071
 },
 "expanded_conv-input:13x13x136-output:13x13x136-expand:544-kernel:3-stride:1-idskip:1-se:1-hs:1": {
  "count": 799,
  "mean": 1.842207842983203,
  "std": 0.06581521896903446
 },
 "expanded_conv-input:13x13x136-output:13x13x136-expand:544-kernel:5-stride:1-idskip:1-se:1-hs:1": {
  "count": 799,
  "mean": 1.8263707620479885,
  "std": 0.05208412936623956
 },
 "expanded_conv-input:13x13x136-output:13x13x136-expand:544-kernel:7-stride:1-idskip:1-se:1-hs:1": {
  "count": 799,
  "mean": 1.8285505464288858,
  "std": 0.051574086401850426
 },
 "expanded_conv-input:13x13x136-output:13x13x136-expand:816-kernel:3-stride:1-idskip:1-se:1-hs:1": {
  "count": 799,
  "mean": 1.6109627089900278,
  "std": 0.03648582634183896
 },
 "expanded_conv-input:13x13x136-output:13x13x136-expand:816-kernel:5-stride:1-idskip:1-se:1-hs:1": {
  "count": 799,
  "mean": 1.6224670768231713,
  "std": 0.04894316452664779
 },
 "expanded_conv-input:13x13x136-output:13x13x136-expand:816-kernel:7-stride:1-idskip:1-se:1-hs:1": {
  "count": 799,
  "mean": 1.6197245171729555,
  "std": 0.05002797932750027
 },
 "expanded_conv-input:13x13x136-output:7x7x192-expand:408-kernel:3-stride:2-idskip:0-se:1-hs:1": {
  "count": 799,
  "mean": 1.5486343035262278,
  "std": 0.0517039840117715
 },
 "expanded_conv-input:13x13x136-output:7x7x192-expand:408-kernel:5-stride:2-idskip:0-se:1-hs:1": {
  "count": 799,
  "mean": 1.5464127436746495,
  "std": 0.04631541617564446
 },
 "expanded_conv-input:13x13x136-output:7x7x192-expand:408-kernel:7-stride:2-idskip:0-se:1-hs:1": {
  "count": 799,
  "mean": 1.550900622810679,
  "std": 0.05259319288938957
 },
 "expanded_conv-input:13x13x136-output:7x7x192-expand:544-kernel:3-stride:2-idskip:0-se:1-hs:1": {
  "count": 799,
  "mean": 1.7840689204362814,
  "std": 0.056488045245170836
 },
 "expanded_conv-input:13x13x136-output:7x7x192-expand:544-kernel:5-stride:2-idskip:0-se:1-hs:1": {
  "count": 799,
  "mean": 1.7662113987011963,
  "std": 0.04923142193110812
 },
 "expanded_conv-input:13x13x136-output:7x7x192-expand:544-kernel:7-stride:2-idskip:0-se:1-hs:1": {
  "count": 799,
  "mean": 1.7637848406470613,
  "std": 0.043944501357201654
 },
 "expanded_conv-input:13x13x136-output:7x7x192-expand:816-kernel:3-stride:2-idskip:0-se:1-hs:1": {
  "count": 799,
  "mean": 1.5484561609833947,
  "std": 0.034923540395429144
 },
 "expanded_conv-input:13x13x136-output:7x7x192-expand:816-kernel:5-stride:2-idskip:0-se:1-hs:1": {
  "count": 799,
  "mean": 1.5465112144269693,
  "std": 0.037518197143896787
 },
 "expanded_conv-input:13x13x136-output:7x7x192-expand:816-kernel:7-stride:2-idskip:0-se:1-hs:1": {
  "count": 799,
  "mean": 1.548883762765438,
  "std": 0.04786868324938673
 },
 "expanded_conv-input:13x13x96-output:13x13x136-expand:288-kernel:3-stride:1-idskip:0-se:1-hs:1": {
  "count": 799,
  "mean": 1.5441431420317877,
  "std": 0.044447577836117975
 },
 "expanded_conv-input:13x13x96-output:13x13x136-expand:288-kernel:5-stride:1-idskip:0-se:1-hs:1": {
  "count": 799,
  "mean": 1.5456488493536231,
  "std": 0.04575160139797617
 },
 "expanded_conv-input:13x13x96-output:13x13x136-expand:288-kernel:7-stride:1-idskip:0-se:1-hs:1": {
  "count": 799,
  "mean": 1.5432837609206331,
  "std": 0.04877291820155286
 },
 "expanded_conv-input:13x13x96-output:13x13x136-expand:384-kernel:3-stride:1-idskip:0-se:1-hs:1": {
  "count": 799,
  "mean": 1.543049818284819,
  "std": 0.04293089257239655
 },
 "expanded_conv-input:13x13x96-output:13x13x136-expand:384-kernel:5-stride:1-idskip:0-se:1-hs:1": {
  "count": 799,
  "mean": 1.5426911460293995,
  "std": 0.04334449176726721
 },
 "expanded_conv-input:13x13x96-output:13x13x136-expand:384-kernel:7-stride:1-idskip:0-se:1-hs:1": {
  "count": 799,
  "mean": 1.5364337773138053,
  "std": 0.03751492696962496
 },
 "expanded_conv-input:13x13x96-output:13x13x136-expand:576-kernel:3-stride:1-idskip:0-se:1-hs:1": {
  "count": 799,
  "mean": 1.5404785380643957,
  "std": 0.03314580084619463
 },
 "expanded_conv-input:13x13x96-output:13x13x136-expand:576-kernel:5-stride:1-idskip:0-se:1-hs:1": {
  "count": 799,
  "mean": 1.5493498576597518,
  "std": 0.045418958237442034
 },
 "expanded_conv-input:13x13x96-output:13x13x136-expand:576-kernel:7-stride:1-idskip:0-se:1-hs:1": {
  "count": 799,
  "mean": 1.5453000241734358,
  "std": 0.04920362160043721
 },
 "expanded_conv-input:13x13x96-output:13x13x96-expand:288-kernel:3-stride:1-idskip:1-se:0-hs:1": {
  "count": 799,
  "mean": 1.0312519622535372,
  "std": 0.03294745712783069
 },
 "expanded_conv-input:13x13x96-output:13x13x96-expand:288-kernel:5-stride:1-idskip:1-se:0-hs:1": {
  "count": 799,
  "mean": 1.0379933296365942,
  "std": 0.03790897858961213
 },
 "expanded_conv-input:13x13x96-output:13x13x96-expand:288-kernel:7-stride:1-idskip:1-se:0-hs:1": {
  "count": 799,
  "mean": 1.031998847990072,
  "std": 0.040310317152678264
 },
 "expanded_conv-input:13x13x96-output:13x13x96-expand:384-kernel:3-stride:1-idskip:1-se:0-hs:1": {
  "count": 799,
  "mean": 1.0301517753935279,
  "std": 0.03818912359650229
 },
 "expanded_conv-input:13x13x96-output:13x13x96-expand:384-kernel:5-stride:1-idskip:1-se:0-hs:1": {
  "count": 799,
  "mean": 1.0296018311616326,
  "std": 0.03222879702742661
 },
 "expanded_conv-input:13x13x96-output:13x13x96-expand:384-kernel:7-stride:1-idskip:1-se:0-hs:1": {
  "count": 799,
  "mean": 1.0255913859762447,
  "std": 0.028256015821685944
 },
 "expanded_conv-input:13x13x96-output:13x13x96-expand:576-kernel:3-stride:1-idskip:1-se:0-hs:1": {
  "count": 799,
  "mean": 1.0246490507161663,
  "std": 0.028908799774248848
 },
 "expanded_conv-input:13x13x96-output:13x13x96-expand:576-kernel:5-stride:1-idskip:1-se:0-hs:1": {
  "count": 799,
  "mean": 1.0373192525775323,
  "std": 0.03564331987309929
 },
 "expanded_conv-input:13x13x96-output:13x13x96-expand:576-kernel:7-stride:1-idskip:1-se:0-hs:1": {
  "count": 799,
  "mean": 1.0315551328121944,
  "std": 0.03869839244097102
 },
 "expanded_conv-input:25x25x48-output:13x13x96-expand:144-kernel:3-stride:2-idskip:0-se:0-hs:1": {
  "count": 799,
  "mean": 0.9811676488501557,
  "std": 0.037946835986160034
 },
 "expanded_conv-input:25x25x48-output:13x13x96-expand:144-kernel:5-stride:2-idskip:0-se:0-hs:1": {
  "count": 799,
  "mean": 0.981478577710511,
  "std": 0.039231498866491125
 },
 "expanded_conv-input:25x25x48-output:13x13x96-expand:144-kernel:7-stride:2-idskip:0-se:0-hs:1": {
  "count": 799,
  "mean": 0.9783663051447672,
  "std": 0.038815265129634575
 },
 "expanded_conv-input:25x25x48-output:13x13x96-expand:192-kernel:3-stride:2-idskip:0-se:0-hs:1": {
  "count": 799,
  "mean": 0.9784050966532568,
  "std": 0.03377506169819316
 },
 "expanded_conv-input:25x25x48-output:13x13x96-expand:192-kernel:5-stride:2-idskip:0-se:0-hs:1": {
  "count": 799,
  "mean": 0.9765084902843337,
  "std": 0.03100435257675785
 },