{
 "AvgPool2D-input:7x7x1152-output:1x1x1152": {
  "count": 495,
  "mean": 0.015270707070707077,
  "std": 0.000903109390250199
 },
 "Conv-input:224x224x3-output:112x112x24": {
  "count": 500,
  "mean": 0.994418,
  "std": 0.01726798413249215
 },
 "Conv_1-input:7x7x192-output:7x7x1152": {
  "count": 500,
  "mean": 0.694356,
  "std": 0.02063155990224683
 },
 "Conv_2-input:1x1x1152-output:1x1x1536": {
  "count": 500,
  "mean": 0.762458,
  "std": 0.10130917152953131
 },
 "Logits-input:1x1x1536-output:1000": {
  "count": 500,
  "mean": 0.669412,
  "std": 0.07743974597065771
 },
 "expanded_conv-input:112x112x24-output:112x112x24-expand:24-kernel:3-stride:1-idskip:1-se:0-hs:0": {
  "count": 500,
  "mean": 1.7728020000000002,
  "std": 0.026630561315901715
 },
 "expanded_conv-input:112x112x24-output:56x56x32-expand:144-kernel:3-stride:2-idskip:0-se:0-hs:0": {
  "count": 799,
  "mean": 0.7218508905403606,
  "std": 0.038852255335529905
 },
 "expanded_conv-input:112x112x24-output:56x56x32-expand:144-kernel:5-stride:2-idskip:0-se:0-hs:0": {
  "count": 799,
  "mean": 0.7189838996667588,
  "std": 0.031070308669113055
 },
 "expanded_conv-input:112x112x24-output:56x56x32-expand:144-kernel:7-stride:2-idskip:0-se:0-hs:0": {
  "count": 799,
  "mean": 0.7187774094831063,
  "std": 0.034521209243923025
 },
 "expanded_conv-input:112x112x24-output:56x56x32-expand:72-kernel:3-stride:2-idskip:0-se:0-hs:0": {
  "count": 799,
  "mean": 0.7223662208108341,
  "std": 0.03507495368714694
 },
 "expanded_conv-input:112x112x24-output:56x56x32-expand:72-kernel:5-stride:2-idskip:0-se:0-hs:0": {
  "count": 799,
  "mean": 0.7256464904479598,
  "std": 0.03822027076151962
 },
 "expanded_conv-input:112x112x24-output:56x56x32-expand:72-kernel:7-stride:2-idskip:0-se:0-hs:0": {
  "count": 799,
  "mean": 0.718381139304074,
  "std": 0.03618321221438968
 },
 "expanded_conv-input:112x112x24-output:56x56x32-expand:96-kernel:3-stride:2-idskip:0-se:0-hs:0": {
  "count": 799,
  "mean": 0.731195764935509,
  "std": 0.0426877421805005
 },
 "expanded_conv-input:112x112x24-output:56x56x32-expand:96-kernel:5-stride:2-idskip:0-se:0-hs:0": {
  "count": 799,
  "mean": 0.7282464167054216,
  "std": 0.03791840232413633
 },
 "expanded_conv-input:112x112x24-output:56x56x32-expand:96-kernel:7-stride:2-idskip:0-se:0-hs:0": {
  "count": 799,
  "mean": 0.7276821494550072,
  "std": 0.030974102150735722
 },
 "expanded_conv-input:14x14x136-output:14x14x136-expand:408-kernel:3-stride:1-idskip:1-se:1-hs:1": {
  "count": 799,
  "mean": 1.6108758756902548,
  "std": 0.05020188819238573
 },
 "expanded_conv-input:14x14x136-output:14x14x136-expand:408-kernel:5-stride:1-idskip:1-se:1-hs:1": {
  "count": 799,
  "mean": 1.614917950874873,
  "std": 0.051620665865400095
 },
 "expanded_conv-input:14x14x136-output:14x14x136-expand:408-kernel:7-stride:1-idskip:1-se:1-hs:1": {
  "count": 799,
  "mean": 1.604439170846951,
  "std": 0.04717721789602221
 },
 "expanded_conv-input:14x14x136-output:14x14x136-expand:544-kernel:3-stride:1-idskip:1-se:1-hs:1": {
  "count": 799,
  "mean": 1.8321703909634053,
  "std": 0.06917542964312352
 },
 "expanded_conv-input:14x14x136-output:14x14x136-expand:544-kernel:5-stride:1-idskip:1-se:1-hs:1": {
  "count": 799,
  "mean": 1.8373914296098883,
  "std": 0.06380416842547847
 },
 "expanded_conv-input:14x14x136-output:14x14x136-expand:544-kernel:7-stride:1-idskip:1-se:1-hs:1": {
  "count": 799,
  "mean": 1.831043050047453,
  "std": 0.044535601238245764
 },
 "expanded_conv-input:14x14x136-output:14x14x136-expand:816-kernel:3-stride:1-idskip:1-se:1-hs:1": {
  "count": 799,
  "mean": 1.6298673030581134,
  "std": 0.05959935625168649
 },
 "expanded_conv-input:14x14x136-output:14x14x136-expand:816-kernel:5-stride:1-idskip:1-se:1-hs:1": {
  "count": 799,
  "mean": 1.614150774195436,
  "std": 0.03737730686681012
 },
 "expanded_conv-input:14x14x136-output:14x14x136-expand:816-kernel:7-stride:1-idskip:1-se:1-hs:1": {
  "count": 799,
  "mean": 1.6178849044818902,
  "std": 0.04324224318720244
 },
 "expanded_conv-input:14x14x136-output:7x7x192-expand:408-kernel:3-stride:2-idskip:0-se:1-hs:1": {
  "count": 799,
  "mean": 1.5479312820339084,
  "std": 0.04840596405215696
 },
 "expanded_conv-input:14x14x136-output:7x7x192-expand:408-kernel:5-stride:2-idskip:0-se:1-hs:1": {
  "count": 799,
  "mean": 1.549690626142022,
  "std": 0.052036489579100745
 },
 "expanded_conv-input:14x14x136-output:7x7x192-expand:408-kernel:7-stride:2-idskip:0-se:1-hs:1": {
  "count": 799,
  "mean": 1.5458792112348076,
  "std": 0.05320793954171173
 },
 "expanded_conv-input:14x14x136-output:7x7x192-expand:544-kernel:3-stride:2-idskip:0-se:1-hs:1": {
  "count": 799,
  "mean": 1.7718215460174522,
  "std": 0.05939302310577516
 },
 "expanded_conv-input:14x14x136-output:7x7x192-expand:544-kernel:5-stride:2-idskip:0-se:1-hs:1": {
  "count": 799,
  "mean": 1.7746768994385071,
  "std": 0.05668764542901114
 },
 "expanded_conv-input:14x14x136-output:7x7x192-expand:544-kernel:7-stride:2-idskip:0-se:1-hs:1": {
  "count": 799,
  "mean": 1.7634249748067652,
  "std": 0.043563927107730466
 },
 "expanded_conv-input:14x14x136-output:7x7x192-expand:816-kernel:3-stride:2-idskip:0-se:1-hs:1": {
  "count": 799,
  "mean": 1.5546989082842506,
  "std": 0.06310107479913213
 },
 "expanded_conv-input:14x14x136-output:7x7x192-expand:816-kernel:5-stride:2-idskip:0-se:1-hs:1": {
  "count": 799,
  "mean": 1.5483976753244413,
  "std": 0.042017827301121094
 },
 "expanded_conv-input:14x14x136-output:7x7x192-expand:816-kernel:7-stride:2-idskip:0-se:1-hs:1": {
  "count": 799,
  "mean": 1.543846834586171,
  "std": 0.04506305472821845
 },
 "expanded_conv-input:14x14x96-output:14x14x136-expand:288-kernel:3-stride:1-idskip:0-se:1-hs:1": {
  "count": 799,
  "mean": 1.5430984568685404,
  "std": 0.05592938627921199
 },
 "expanded_conv-input:14x14x96-output:14x14x136-expand:288-kernel:5-stride:1-idskip:0-se:1-hs:1": {
  "count": 799,
  "mean": 1.5492146841724763,
  "std": 0.05756194168139675
 },
 "expanded_conv-input:14x14x96-output:14x14x136-expand:288-kernel:7-stride:1-idskip:0-se:1-hs:1": {
  "count": 799,
  "mean": 1.5371663400318207,
  "std": 0.04721919723007261
 },
 "expanded_conv-input:14x14x96-output:14x14x136-expand:384-kernel:3-stride:1-idskip:0-se:1-hs:1": {
  "count": 799,
  "mean": 1.5479408307129212,
  "std": 0.05327192904363588
 },
 "expanded_conv-input:14x14x96-output:14x14x136-expand:384-kernel:5-stride:1-idskip:0-se:1-hs:1": {
  "count": 799,
  "mean": 1.5486175933379553,
  "std": 0.04802143891150791
 },
 "expanded_conv-input:14x14x96-output:14x14x136-expand:384-kernel:7-stride:1-idskip:0-se:1-hs:1": {
  "count": 799,
  "mean": 1.5434601130861514,
  "std": 0.03594907520317972
 },
 "expanded_conv-input:14x14x96-output:14x14x136-expand:576-kernel:3-stride:1-idskip:0-se:1-hs:1": {
  "count": 799,
  "mean": 1.5528551180461172,
  "std": 0.05732634629265673
 },
 "expanded_conv-input:14x14x96-output:14x14x136-expand:576-kernel:5-stride:1-idskip:0-se:1-hs:1": {
  "count": 799,
  "mean": 1.544515242117069,
  "std": 0.039143716815854296
 },
 "expanded_conv-input:14x14x96-output:14x14x136-expand:576-kernel:7-stride:1-idskip:0-se:1-hs:1": {
  "count": 799,
  "mean": 1.5463966302788152,
  "std": 0.043348565224189006
 },
 "expanded_conv-input:14x14x96-output:14x14x96-expand:288-kernel:3-stride:1-idskip:1-se:0-hs:1": {
  "count": 799,
  "mean": 1.0332718062609696,
  "std": 0.041412614996027594
 },
 "expanded_conv-input:14x14x96-output:14x14x96-expand:288-kernel:5-stride:1-idskip:1-se:0-hs:1": {
  "count": 799,
  "mean": 1.0327275315572384,
  "std": 0.038835191675065564
 },
 "expanded_conv-input:14x14x96-output:14x14x96-expand:288-kernel:7-stride:1-idskip:1-se:0-hs:1": {
  "count": 799,
  "mean": 1.0256746385213877,
  "std": 0.03719134048267109
 },
 "expanded_conv-input:14x14x96-output:14x14x96-expand:384-kernel:3-stride:1-idskip:1-se:0-hs:1": {
  "count": 799,
  "mean": 1.0373261156905726,
  "std": 0.040602576848316946
 },